{"dataset":{"6-":{"kept":true,"isDisposedInternal":false,"shape":[10,51],"dtype":"float32","size":510,"strides":[51],"dataId":{"id":386658},"id":368041,"rankType":"2","scopeId":874905}},"tensors":{"6-":{"0":0.126555934548378,"1":0.13695402443408966,"2":0,"3":0.23881955444812775,"4":0.15612758696079254,"5":-0.043825287371873856,"6":0.17262469232082367,"7":0.10956322401762009,"8":-0.043825287371873856,"9":0.16207242012023926,"10":0.1807793229818344,"11":-0.008217241615056992,"12":0.15687644481658936,"13":0.07669425755739212,"14":-0.008217241615056992,"15":0.10544851422309875,"16":0.21364827454090118,"17":0.1944747120141983,"18":0.15549573302268982,"19":0.01917356438934803,"20":0.14791035652160645,"21":0.026809794828295708,"22":0.24651724100112915,"23":0.2081701159477234,"24":0.044684018939733505,"25":-0.024651724845170975,"26":0.2109091877937317,"27":0.03204198554158211,"28":0.23556092381477356,"29":0.1917356252670288,"30":0.024469437077641487,"31":-0.024651724845170975,"32":0.1972137987613678,"33":0.0204307921230793,"34":0.1862574815750122,"35":0.21638736128807068,"36":0.016133509576320648,"37":0.021912643685936928,"38":0.1889965534210205,"39":0.03331141173839569,"40":0.24103908240795135,"41":0.2081701159477234,"42":0.08239234983921051,"43":0,"44":0.15612758696079254,"45":0.012508220039308071,"46":0.16708391904830933,"47":0.15886665880680084,"48":0.003202746156603098,"49":0.05478161200881004,"50":0.11778046190738678,"51":0.1422869861125946,"52":0.1266406923532486,"53":0,"54":0.21142978966236115,"55":0.14437039196491241,"56":-0.04559065029025078,"57":0.16922178864479065,"58":0.10384536534547806,"59":-0.03292657807469368,"60":0.14050140976905823,"61":0.17476415634155273,"62":-0.01013125479221344,"63":0.1509636789560318,"64":0.07851722836494446,"65":0.01013125479221344,"66":0.101497121155262,"67":0.20769073069095612,"68":0.17476415634155273,"69":0.1353265941143036,"70":0.03039376623928547,"71":0.14690320193767548,"72":0.04040290415287018,"73":0.24821576476097107,"74":0.19755947589874268,"75":0.035456154495477676,"76":-0.00253281369805336,"77":0.20515792071819305,"78":0.04692317917943001,"79":0.24315012991428375,"80":0.1823626011610031,"81":0.0027304610703140497,"82":0.15703445672988892,"83":0.17223134636878967,"84":0.02137882448732853,"85":0.19755947589874268,"86":0.20515792071819305,"87":0.016585931181907654,"88":0.03545939549803734,"89":0.19502666592597961,"90":0.02660767175257206,"91":0.2532813847064972,"92":0.19755947589874268,"93":0.05537627264857292,"94":0.012664069421589375,"95":0.1646328866481781,"96":0.020183512941002846,"97":0.22542043030261993,"98":0.17982977628707886,"99":0.008402606472373009,"100":0.11144381016492844,"101":0.07345160096883774,"102":0.15497373044490814,"103":0.12427963316440582,"104":0,"105":0.20317162573337555,"106":0.14167878031730652,"107":-0.04225507751107216,"108":0.1884629726409912,"109":0.10190929472446442,"110":-0.017399149015545845,"111":0.16330167651176453,"112":0.17896267771720886,"113":-0.012427963316440582,"114":0.10048244893550873,"115":0.09196692705154419,"116":0.024855926632881165,"117":0.07740696519613266,"118":0.2112753838300705,"119":0.15659233927726746,"120":0.09394563734531403,"121":0.06213981658220291,"122":0.15162116289138794,"123":0.06427906453609467,"124":0.26595842838287354,"125":0.20133300125598907,"126":0.058156516402959824,"127":0.024855926632881165,"128":0.19884741306304932,"129":0.036945898085832596,"130":0.26098722219467163,"131":0.18144826591014862,"132":0.004447210114449263,"133":0.16902031004428864,"134":0.1541067510843277,"135":0.017241643741726875,"136":0.21624656021595,"137":0.19636182487010956,"138":0.0056948186829686165,"139":0.1317363977432251,"140":0.10439489036798477,"141":0.0150917274877429,"142":0.25353044271469116,"143":0.19636182487010956,"144":0.0607060045003891,"145":0.03479829803109169,"146":0.17896267771720886,"147":0.011750375851988792,"148":0.20133300125598907,"149":0.16653470695018768,"150":0.00428252387791872,"151":0.032312702387571335,"152":0.15907792747020721,"153":0.1458061784505844,"154":0.12362934648990631,"155":0,"156":0.17138831317424774,"157":0.1409374475479126,"158":-0.0469791516661644,"159":0.1796106994152069,"160":0.1038486510515213,"161":-0.01978069543838501,"162":0.13602758944034576,"163":0.1780262589454651,"164":-0.01978069543838501,"165":0.1336030662059784,"166":0.09148571640253067,"167":0.024725869297981262,"168":0.08797160536050797,"169":0.22006022930145264,"170":0.1607181429862976,"171":0.11249537765979767,"172":0.06675984710454941,"173":0.14835521578788757,"174":0.050471287220716476,"175":0.26951199769973755,"176":0.1978069543838501,"177":0.04288371279835701,"178":0.024725869297981262,"179":0.19533437490463257,"180":0.03774088993668556,"181":0.2645668089389801,"182":0.1780262589454651,"183":0.003009769134223461,"184":0.15824556350708008,"185":0.1706084907054901,"186":0.019019456580281258,"187":0.2274779975414276,"188":0.20027954876422882,"189":0.025590604171156883,"190":0.14341004192829132,"191":0.1804988533258438,"192":0.018657516688108444,"193":0.2571490406990051,"194":0.19286178052425385,"195":0.057332843542099,"196":0.03461621701717377,"197":0.17555366456508636,"198":0.0024672362487763166,"199":0.14835521578788757,"200":0.16566333174705505,"201":0.0034399323631078005,"202":0.03708880394697189,"203":0.14835521578788757,"204":0.09913654625415802,"205":0.12274709343910217,"206":0,"207":0.18567249178886414,"208":0.13993167877197266,"209":-0.044188953936100006,"210":0.20978312194347382,"211":0.09819767624139786,"212":-0.01718459278345108,"213":0.14062102138996124,"214":0.1718459278345108,"215":-0.012274709530174732,"216":0.14637233316898346,"217":0.0859229639172554,"218":0.027004361152648926,"219":0.08502461016178131,"220":0.20867006480693817,"221":0.1522063910961151,"222":0.12206124514341354,"223":0.05400872230529785,"224":0.1497514545917511,"225":0.06283022463321686,"226":0.2626788020133972,"227":0.19639535248279572,"228":0.04672553017735481,"229":0.01718459278345108,"230":0.19885028898715973,"231":0.03529782220721245,"232":0.2553139328956604,"233":0.17675581574440002,"234":0.005287948064506054,"235":0.16448110342025757,"236":0.16693605482578278,"237":0.020453456789255142,"238":0.21112500131130219,"239":0.1914854645729065,"240":0.019817113876342773,"241":0.11292732506990433,"242":0.1914854645729065,"243":0.01607203297317028,"244":0.2553139328956604,"245":0.1939404159784317,"246":0.05751555413007736,"247":0.029459301382303238,"248":0.17430086433887482,"249":0.015270096249878407,"250":0.1939404159784317,"251":0.16202616691589355,"252":0.00578015623614192,"253":0.03682412952184677,"254":0.17675581574440002,"255":0.14835889637470245,"256":0.12770597636699677,"257":0,"258":0.1788053959608078,"259":0.1455848067998886,"260":-0.04597415402531624,"261":0.18700480461120605,"262":0.1047189012169838,"263":-0.03320355340838432,"264":0.1153913214802742,"265":0.1736801266670227,"266":-0.012770597822964191,"267":0.15733762085437775,"268":0.07917770743370056,"269":0.010216478258371353,"270":0.1165003702044487,"271":0.20688368380069733,"272":0.16857188940048218,"273":0.1349438726902008,"274":0.03320355340838432,"275":0.1532471776008606,"276":0.052364371716976166,"277":0.25541195273399353,"278":0.2017754465341568,"279":0.05371842533349991,"280":0.005108239129185677,"281":0.19922131299972534,"282":0.0325489304959774,"283":0.24774959683418274,"284":0.1813424825668335,"285":0.002500021131709218,"286":0.15835541486740112,"287":0.17112600803375244,"288":0.02444927580654621,"289":0.18900485336780548,"290":0.20688368380069733,"291":0.017620431259274483,"292":0.051082391291856766,"293":0.2017754465341568,"294":0.027209293097257614,"295":0.26052019000053406,"296":0.19922131299972534,"297":0.060687124729156494,"298":0.010216478258371353,"299":0.18645073473453522,"300":0.014500798657536507,"301":0.18900485336780548,"302":0.16857188940048218,"303":0.008968877606093884,"304":0.10982713848352432,"305":0.09961065649986267,"306":0.1068749651312828,"307":0.1302030384540558,"308":0,