{
  "mode": 3,
  "startTime": 1635465035898,
  "recordedSeconds": 2220,
  "delayFrameIdx": 63866,
  "pDelayFrameIdx": 63866,
  "isAutopilot": true,
  "showDoppel": true,
  "blackoutLeft": true,
  "blackoutRight": true,
  "preset_idx": 2,
  "preset_currentDelayFrameIdx": 120,
  "manual_TH": 6000,
  "speed_jointDist": 0.010224783234446722,
  "speed_mappedFrames": [
    1.4175027846456114,
    1.4175027846456114,
    1.4175027846456114,
    4.336561286015525,
    4.336561286015525,
    4.336561286015525,
    4.336561286015525,
    1.4684977934465853,
    1.4684977934465853,
    1.148796884725627,
    0.6861950744357126,
    0.6861950744357126,
    0.715094406239754,
    0.715094406239754,
    0.715094406239754,
    0.715094406239754,
    2.327820638094015,
    2.327820638094015,
    2.327820638094015,
    2.9294443894705764,
    2.9294443894705764,
    1.0423171624020446,
    1.0423171624020446,
    2.461086178456209,
    0.19342640792245297,
    0.19342640792245297,
    0.19342640792245297,
    0.19342640792245297,
    0.19342640792245297,
    0.19342640792245297,
    0.19342640792245297,
    0.19342640792245297,
    0.19342640792245297,
    0.19342640792245297,
    0.19342640792245297,
    0.19342640792245297,
    0.19342640792245297,
    0.19342640792245297,
    0.19342640792245297,
    0.19342640792245297,
    0.19342640792245297,
    0.19342640792245297,
    0.19342640792245297,
    0.19342640792245297,
    0.19342640792245297,
    0.19342640792245297,
    0.19342640792245297,
    0.19342640792245297,
    0.19342640792245297,
    18.43291419901696,
    18.43291419901696,
    9.418026599466215,
    3.7841251982701323,
    3.7841251982701323,
    3.7841251982701323,
    3.7841251982701323,
    1.3088300850622803,
    1.3088300850622803,
    1.3088300850622803,
    1.3088300850622803,
    1.471024453868653,
    1.471024453868653,
    1.471024453868653,
    0.03574681522830034,
    0.03574681522830034,
    0.03574681522830034,
    0.03574681522830034,
    0.03574681522830034,
    0.03574681522830034,
    0.03574681522830034,
    0.03574681522830034,
    0.03574681522830034,
    0.03574681522830034,
    0.03574681522830034,
    0.03574681522830034,
    0.03574681522830034,
    0.03574681522830034,
    12.441369931486717,
    12.441369931486717,
    3.2983254695906634,
    3.2983254695906634,
    3.2983254695906634,
    0.9340974767742576,
    0.9340974767742576,
    0.9340974767742576,
    0.9340974767742576,
    3.7571174466004535,
    3.7571174466004535,
    3.7571174466004535,
    1.608342812803417,
    1.608342812803417,
    1.608342812803417,
    1.608342812803417,
    0.2768363150462507,
    0.2768363150462507,
    0.2768363150462507,
    3.1282820542012493,
    3.1282820542012493,
    8.519124915713626,
    8.519124915713626,
    8.519124915713626,
    0.4555613692058894,
    0.4555613692058894,
    0.1686391210650175,
    0.1686391210650175,
    0.1686391210650175,
    0.1686391210650175,
    2.0149689247897156,
    2.0149689247897156,
    2.0149689247897156,
    1.7357958282274608,
    1.7357958282274608,
    1.7357958282274608,
    1.7357958282274608,
    1.4073404026194976,
    1.4073404026194976,
    1.4276982159459475,
    1.4276982159459475,
    1.4276982159459475,
    4.394513103641895,
    4.394513103641895,
    4.394513103641895,
    4.394513103641895,
    4.394513103641895,
    4.394513103641895,
    4.394513103641895,
    4.394513103641895,
    4.394513103641895,
    4.394513103641895,
    4.394513103641895,
    4.394513103641895,
    4.394513103641895,
    4.394513103641895,
    4.394513103641895,
    4.394513103641895,
    4.394513103641895,
    4.394513103641895,
    4.394513103641895,
    4.394513103641895,
    4.394513103641895,
    4.394513103641895,
    4.394513103641895,
    4.394513103641895,
    4.394513103641895,
    4.394513103641895,
    4.394513103641895,
    4.394513103641895,
    4.394513103641895,
    4.394513103641895,
    4.394513103641895,
    4.394513103641895,
    4.394513103641895,
    4.394513103641895,
    4.394513103641895,
    4.394513103641895,
    4.394513103641895,
    4.394513103641895,
    4.394513103641895,
    4.394513103641895,
    4.394513103641895,
    4.394513103641895,
    4.394513103641895,
    4.394513103641895,
    4.394513103641895,
    4.394513103641895,
    4.394513103641895,
    4.394513103641895,
    4.394513103641895,
    4.394513103641895,
    4.394513103641895,
    4.394513103641895,
    4.394513103641895,
    4.394513103641895,
    4.394513103641895,
    4.394513103641895,
    4.394513103641895,
    4.394513103641895,
    4.394513103641895,
    11.987359698889776,
    11.987359698889776,
    2.272726729515978,
    2.272726729515978,
    2.272726729515978,
    1.8567268211905863,
    1.8567268211905863,
    1.342057812329621,
    1.342057812329621,
    1.0775649182156277,
    0.16021996500985258,
    0.16021996500985258,
    1.3590651538996494,
    1.3590651538996494,
    1.3590651538996494,
    2.1721209113173097,
    2.1721209113173097,
    0.4513521300351308,
    0.4513521300351308,
    0.4515537461215074,
    0.4515537461215074,
    2.18631712085847,
    2.18631712085847,
    0.3096555765422065,
    0.3096555765422065,
    2.868181133073236,
    5.2306354179327625,
    5.2306354179327625,
    7.1276637460347825,
    7.1276637460347825,
    2.0349289372497124,
    2.0349289372497124,
    1.581440655774216,
    1.581440655774216,
    9.672996151349468,
    9.672996151349468,
    9.672996151349468,
    0.557504079511733,
    0.557504079511733,
    0.557504079511733,
    0.557504079511733,
    1.657261149444462,
    1.657261149444462,
    1.657261149444462,
    3.232976422234267,
    3.232976422234267,
    3.232976422234267,
    3.232976422234267,
    0.931974597033611,
    0.931974597033611,
    0.931974597033611,
    7.643701120768827,
    7.643701120768827,
    7.643701120768827,
    7.643701120768827,
    3.737977040908479,
    3.737977040908479,
    3.737977040908479,
    2.382125149451975,
    2.382125149451975,
    2.382125149451975,
    2.382125149451975,
    1.747653219753337,
    1.747653219753337,
    1.747653219753337,
    0.8264804322153653,
    0.8264804322153653,
    2.6939170015067666,
    2.6939170015067666,
    2.6939170015067666,
    1.9085159859105312,
    1.750914962427815,
    1.750914962427815,
    1.750914962427815,
    1.3891507041799471,
    1.3891507041799471,
    1.3891507041799471,
    1.787975595712255,
    1.787975595712255,
    1.787975595712255,
    1.787975595712255,
    8.265420274283278,
    8.265420274283278,
    8.265420274283278,
    8.265420274283278,
    8.265420274283278,
    8.265420274283278,
    8.265420274283278,
    8.265420274283278,
    8.265420274283278,
    8.265420274283278,
    8.265420274283278,
    8.265420274283278,
    8.265420274283278,
    8.265420274283278,
    8.265420274283278,
    8.265420274283278,
    8.265420274283278,
    8.265420274283278,
    8.265420274283278,
    8.265420274283278,
    8.265420274283278,
    8.265420274283278,
    8.265420274283278,
    8.265420274283278,
    8.265420274283278,
    8.265420274283278,
    8.265420274283278,
    8.265420274283278,
    8.265420274283278,
    8.265420274283278,
    8.265420274283278,
    8.265420274283278,
    8.265420274283278,
    8.265420274283278,
    8.265420274283278,
    8.265420274283278,
    8.265420274283278,
    8.265420274283278,
    8.265420274283278,
    8.265420274283278,
    8.265420274283278,
    8.265420274283278,
    8.265420274283278,
    8.265420274283278,
    8.265420274283278,
    8.265420274283278,
    8.265420274283278,
    8.265420274283278,
    8.265420274283278,
    8.265420274283278,
    8.265420274283278,
    8.265420274283278,
    8.265420274283278,
    8.265420274283278,
    8.265420274283278,
    8.265420274283278,
    8.265420274283278,
    8.265420274283278,
    8.265420274283278,
    8.265420274283278,
    8.265420274283278,
    8.265420274283278,
    8.265420274283278,
    8.265420274283278,
    8.265420274283278,
