{
  "mode": 2,
  "startTime": 1635647200048,
  "recordedSeconds": 1530,
  "delayFrameIdx": 193,
  "pDelayFrameIdx": 193,
  "isAutopilot": true,
  "showDoppel": true,
  "blackoutLeft": false,
  "blackoutRight": false,
  "preset_idx": 2,
  "preset_currentDelayFrameIdx": 120,
  "manual_TH": 6000,
  "speed_jointDist": 0.004207695063093596,
  "speed_mappedFrames": [
    204.60088783069725,
    204.60088783069725,
    204.60088783069725,
    204.60088783069725,
    204.60088783069725,
    204.60088783069725,
    204.60088783069725,
    204.60088783069725,
    261.7338413908202,
    261.7338413908202,
    261.7338413908202,
    261.7338413908202,
    261.7338413908202,
    142.09765564871606,
    142.09765564871606,
    142.09765564871606,
    142.09765564871606,
    142.09765564871606,
    142.09765564871606,
    142.09765564871606,
    142.09765564871606,
    142.09765564871606,
    142.09765564871606,
    142.09765564871606,
    142.09765564871606,
    142.09765564871606,
    142.09765564871606,
    142.09765564871606,
    142.09765564871606,
    62.579686051405425,
    1.7266761256904803,
    1.7266761256904803,
    1.7266761256904803,
    1.7266761256904803,
    1.7266761256904803,
    1.7266761256904803,
    103.27805374429767,
    103.27805374429767,
    7.4811911573806835,
    7.4811911573806835,
    7.4811911573806835,
    7.4811911573806835,
    7.4811911573806835,
    114.05467262530374,
    114.05467262530374,
    114.05467262530374,
    114.05467262530374,
    114.05467262530374,
    114.05467262530374,
    114.05467262530374,
    114.05467262530374,
    114.05467262530374,
    114.05467262530374,
    114.05467262530374,
    114.05467262530374,
    114.05467262530374,
    114.05467262530374,
    114.05467262530374,
    114.05467262530374,
    114.05467262530374,
    114.05467262530374,
    114.05467262530374,
    114.05467262530374,
    114.05467262530374,
    114.05467262530374,
    114.05467262530374,
    114.05467262530374,
    114.05467262530374,
    114.05467262530374,
    114.05467262530374,
    114.05467262530374,
    114.05467262530374,
    114.05467262530374,
    114.05467262530374,
    114.05467262530374,
    114.05467262530374,
    899,
    899,
    899,
    899,
    899,
    254.75689766272458,
    254.75689766272458,
    254.75689766272458,
    58.05158644146465,
    58.05158644146465,
    77.0404653185346,
    77.0404653185346,
    77.0404653185346,
    77.0404653185346,
    77.0404653185346,
    77.0404653185346,
    77.0404653185346,
    77.0404653185346,
    77.0404653185346,
    77.0404653185346,
    77.0404653185346,
    317.16671047413195,
    317.16671047413195,
    317.16671047413195,
    317.16671047413195,
    317.16671047413195,
    317.16671047413195,
    317.16671047413195,
    317.16671047413195,
    317.16671047413195,
    317.16671047413195,
    317.16671047413195,
    317.16671047413195,
    317.16671047413195,
    317.16671047413195,
    317.16671047413195,
    317.16671047413195,
    317.16671047413195,
    317.16671047413195,
    317.16671047413195,
    317.16671047413195,
    317.16671047413195,
    317.16671047413195,
    317.16671047413195,
    317.16671047413195,
    317.16671047413195,
    317.16671047413195,
    317.16671047413195,
    317.16671047413195,
    317.16671047413195,
    317.16671047413195,
    317.16671047413195,
    317.16671047413195,
    317.16671047413195,
    317.16671047413195,
    317.16671047413195,
    317.16671047413195,
    317.16671047413195,
    317.16671047413195,
    317.16671047413195,
    317.16671047413195,
    317.16671047413195,
    317.16671047413195,
    317.16671047413195,
    317.16671047413195,
    317.16671047413195,
    317.16671047413195,
    317.16671047413195,
    317.16671047413195,
    317.16671047413195,
    317.16671047413195,
    317.16671047413195,
    317.16671047413195,
    317.16671047413195,
    317.16671047413195,
    317.16671047413195,
    317.16671047413195,
    317.16671047413195,
    317.16671047413195,
    317.16671047413195,
    317.16671047413195,
    317.16671047413195,
    317.16671047413195,
    317.16671047413195,
    831.3005986242852,
    831.3005986242852,
    45.612195546514144,
    45.612195546514144,
    45.612195546514144,
    24.78673818338972,
    24.78673818338972,
    24.78673818338972,
    15.987031770870265,
    15.987031770870265,
    15.987031770870265,
    15.987031770870265,
    30.756371003321032,
    30.756371003321032,
    30.756371003321032,
    30.756371003321032,
    30.756371003321032,
    41.88555787634427,
    41.88555787634427,
    41.88555787634427,
    211.1661771227034,
    211.1661771227034,
    211.1661771227034,
    211.1661771227034,
    211.1661771227034,
    211.1661771227034,
    211.1661771227034,
    211.1661771227034,
    211.1661771227034,
    211.1661771227034,
    211.1661771227034,
    211.1661771227034,
    211.1661771227034,
    211.1661771227034,
    211.1661771227034,
    211.1661771227034,
    211.1661771227034,
    211.1661771227034,
    211.1661771227034,
    211.1661771227034,
    211.1661771227034,
    211.1661771227034,
    211.1661771227034,
    211.1661771227034,
    211.1661771227034,
    211.1661771227034,
    211.1661771227034,
    211.1661771227034,
    211.1661771227034,
    211.1661771227034,
    211.1661771227034,
    211.1661771227034,
    211.1661771227034,
    211.1661771227034,
    211.1661771227034,
    211.1661771227034,
    211.1661771227034,
    211.1661771227034,
    211.1661771227034,
    211.1661771227034,
    211.1661771227034,
    211.1661771227034,
    899,
    34.696425460038746,
    34.696425460038746,
    34.696425460038746,
    34.696425460038746,
    34.696425460038746,
    34.696425460038746,
    34.696425460038746,
    34.696425460038746,
    34.696425460038746,
    34.696425460038746,
    34.696425460038746,
    34.696425460038746,
    34.696425460038746,
    34.696425460038746,
    34.696425460038746,
    34.696425460038746,
    34.696425460038746,
    34.696425460038746,
    34.696425460038746,
    34.696425460038746,
    34.696425460038746,
    34.696425460038746,
    34.696425460038746,
    34.696425460038746,
    34.696425460038746,
    34.696425460038746,
    34.696425460038746,
    34.696425460038746,
    230.7790876837417,
    230.7790876837417,
    230.7790876837417,
    3.686710752120813,
    3.686710752120813,
    3.686710752120813,
    3.686710752120813,
    3.686710752120813,
    3.686710752120813,
    74.80289706779473,
    74.80289706779473,
    8.973095408762825,
    8.973095408762825,
    8.973095408762825,
    8.973095408762825,
    8.973095408762825,
    8.973095408762825,
    8.973095408762825,
    8.973095408762825,
    8.973095408762825,
    8.973095408762825,
    8.973095408762825,
    8.973095408762825,
    8.973095408762825,
    54.23946829410073,
    54.23946829410073,
    15.815360345433987,
    15.815360345433987,
    15.815360345433987,
    6.791117501669149,
    6.791117501669149,
    6.791117501669149,
    22.92505689536642,
    22.92505689536642,
    12.923503010234464,
    2.9417686236000407,
    2.9417686236000407,
    2.9417686236000407,
    2.9417686236000407,
    0.7004899768299698,
    12.88401337334199,
    12.88401337334199,
    12.247913471052723,
    12.247913471052723,
    12.247913471052723,
    2.7738538973766453,
    2.7738538973766453,
    4.609155408486356,
    4.609155408486356,
    4.609155408486356,
    5.205931863594682,
    5.205931863594682,
    3.4352420012384393,
    3.4352420012384393,
    3.4352420012384393,
    5.338493174758329,
    5.338493174758329,
    5.338493174758329,
    5.338493174758329,
    5.338493174758329,
    5.338493174758329,
    5.338493174758329,
    5.338493174758329,
    5.338493174758329,
    5.338493174758329,
    5.338493174758329,
    5.338493174758329,
    5.338493174758329,
    553.0937675821231,
    553.0937675821231,
    553.0937675821231,
    553.0937675821231,
    553.0937675821231,
    553.0937675821231,
    553.0937675821231,
    553.0937675821231,
