{
  "mode": 2,
  "startTime": 1635647200048,
  "recordedSeconds": 1560,
  "delayFrameIdx": 282,
  "pDelayFrameIdx": 282,
  "isAutopilot": true,
  "showDoppel": true,
  "blackoutLeft": false,
  "blackoutRight": false,
  "preset_idx": 2,
  "preset_currentDelayFrameIdx": 120,
  "manual_TH": 6000,
  "speed_jointDist": 0.051099339546471535,
  "speed_mappedFrames": [
    604.3799998080623,
    604.3799998080623,
    604.3799998080623,
    604.3799998080623,
    604.3799998080623,
    604.3799998080623,
    604.3799998080623,
    604.3799998080623,
    604.3799998080623,
    604.3799998080623,
    604.3799998080623,
    604.3799998080623,
    604.3799998080623,
    604.3799998080623,
    604.3799998080623,
    604.3799998080623,
    604.3799998080623,
    604.3799998080623,
    604.3799998080623,
    604.3799998080623,
    604.3799998080623,
    604.3799998080623,
    604.3799998080623,
    604.3799998080623,
    604.3799998080623,
    604.3799998080623,
    604.3799998080623,
    604.3799998080623,
    604.3799998080623,
    604.3799998080623,
    604.3799998080623,
    604.3799998080623,
    604.3799998080623,
    604.3799998080623,
    604.3799998080623,
    604.3799998080623,
    604.3799998080623,
    604.3799998080623,
    604.3799998080623,
    604.3799998080623,
    604.3799998080623,
    604.3799998080623,
    604.3799998080623,
    604.3799998080623,
    604.3799998080623,
    604.3799998080623,
    604.3799998080623,
    604.3799998080623,
    604.3799998080623,
    604.3799998080623,
    604.3799998080623,
    604.3799998080623,
    604.3799998080623,
    604.3799998080623,
    604.3799998080623,
    604.3799998080623,
    604.3799998080623,
    604.3799998080623,
    604.3799998080623,
    604.3799998080623,
    604.3799998080623,
    604.3799998080623,
    604.3799998080623,
    604.3799998080623,
    604.3799998080623,
    604.3799998080623,
    604.3799998080623,
    604.3799998080623,
    604.3799998080623,
    604.3799998080623,
    604.3799998080623,
    604.3799998080623,
    604.3799998080623,
    604.3799998080623,
    604.3799998080623,
    604.3799998080623,
    604.3799998080623,
    604.3799998080623,
    604.3799998080623,
    604.3799998080623,
    604.3799998080623,
    604.3799998080623,
    604.3799998080623,
    604.3799998080623,
    604.3799998080623,
    604.3799998080623,
    604.3799998080623,
    604.3799998080623,
    604.3799998080623,
    604.3799998080623,
    604.3799998080623,
    604.3799998080623,
    604.3799998080623,
    604.3799998080623,
    604.3799998080623,
    604.3799998080623,
    604.3799998080623,
    604.3799998080623,
    510.805473581034,
    510.805473581034,
    510.805473581034,
    510.805473581034,
    510.805473581034,
    510.805473581034,
    510.805473581034,
    510.805473581034,
    510.805473581034,
    510.805473581034,
    510.805473581034,
    510.805473581034,
    510.805473581034,
    510.805473581034,
    510.805473581034,
    510.805473581034,
    510.805473581034,
    510.805473581034,
    510.805473581034,
    510.805473581034,
    510.805473581034,
    510.805473581034,
    510.805473581034,
    510.805473581034,
    510.805473581034,
    510.805473581034,
    510.805473581034,
    510.805473581034,
    510.805473581034,
    510.805473581034,
    207.4701434947621,
    207.4701434947621,
    207.4701434947621,
    207.4701434947621,
    207.4701434947621,
    207.4701434947621,
    207.4701434947621,
    207.4701434947621,
    207.4701434947621,
    207.4701434947621,
    350.87653584582074,
    350.87653584582074,
    350.87653584582074,
    46.188600954109134,
    46.188600954109134,
    46.188600954109134,
    64.73321649064559,
    64.73321649064559,
    64.73321649064559,
    64.73321649064559,
    64.73321649064559,
    64.73321649064559,
    64.73321649064559,
    64.73321649064559,
    413.5632435903692,
    413.5632435903692,
    93.08359460153312,
    93.08359460153312,
    93.08359460153312,
    170.92377927139478,
    170.92377927139478,
    170.92377927139478,
    331.13372798929043,
    331.13372798929043,
    331.13372798929043,
    331.13372798929043,
    331.13372798929043,
    331.13372798929043,
    331.13372798929043,
    331.13372798929043,
    331.13372798929043,
    331.13372798929043,
    331.13372798929043,
    331.13372798929043,
    331.13372798929043,
    331.13372798929043,
    331.13372798929043,
    331.13372798929043,
    331.13372798929043,
    331.13372798929043,
    331.13372798929043,
    331.13372798929043,
    331.13372798929043,
    331.13372798929043,
    331.13372798929043,
    331.13372798929043,
    331.13372798929043,
    331.13372798929043,
    331.13372798929043,
    331.13372798929043,
    331.13372798929043,
    331.13372798929043,
    331.13372798929043,
    331.13372798929043,
    331.13372798929043,
    331.13372798929043,
    331.13372798929043,
    331.13372798929043,
    331.13372798929043,
    331.13372798929043,
    331.13372798929043,
    331.13372798929043,
    331.13372798929043,
    331.13372798929043,
    331.13372798929043,
    331.13372798929043,
    331.13372798929043,
    331.13372798929043,
    331.13372798929043,
    331.13372798929043,
    331.13372798929043,
    331.13372798929043,
    331.13372798929043,
    331.13372798929043,
    331.13372798929043,
    331.13372798929043,
    331.13372798929043,
    331.13372798929043,
    331.13372798929043,
    331.13372798929043,
    331.13372798929043,
    331.13372798929043,
    331.13372798929043,
    331.13372798929043,
    331.13372798929043,
    331.13372798929043,
    331.13372798929043,
    331.13372798929043,
    331.13372798929043,
    331.13372798929043,
    331.13372798929043,
    331.13372798929043,
    331.13372798929043,
    331.13372798929043,
    331.13372798929043,
    331.13372798929043,
    331.13372798929043,
    331.13372798929043,
    331.13372798929043,
    331.13372798929043,
    331.13372798929043,
    331.13372798929043,
    331.13372798929043,
    331.13372798929043,
    331.13372798929043,
    331.13372798929043,
    331.13372798929043,
    331.13372798929043,
    331.13372798929043,
    331.13372798929043,
    331.13372798929043,
    331.13372798929043,
    331.13372798929043,
    331.13372798929043,
    331.13372798929043,
    331.13372798929043,
    331.13372798929043,
    331.13372798929043,
    474.399180637532,
    474.399180637532,
    474.399180637532,
    14.090932055283687,
    14.090932055283687,
    14.090932055283687,
    14.090932055283687,
    14.090932055283687,
    14.090932055283687,
    14.090932055283687,
    14.090932055283687,
    14.090932055283687,
    14.090932055283687,
    14.090932055283687,
    14.090932055283687,
    14.090932055283687,
    14.090932055283687,
    14.090932055283687,
    14.090932055283687,
    14.090932055283687,
    14.090932055283687,
    14.090932055283687,
    14.090932055283687,
    14.090932055283687,
    14.090932055283687,
    14.090932055283687,
    14.090932055283687,
    14.090932055283687,
    14.090932055283687,
    14.090932055283687,
    14.090932055283687,
    14.090932055283687,
    14.090932055283687,
    14.090932055283687,
    14.090932055283687,
    14.090932055283687,
    14.090932055283687,
    14.090932055283687,
    14.090932055283687,
    14.090932055283687,
    14.090932055283687,
    14.090932055283687,
    14.090932055283687,
    14.090932055283687,
    14.090932055283687,
    14.090932055283687,
    14.090932055283687,
    14.090932055283687,
    14.090932055283687,
    14.090932055283687,
    14.090932055283687,
    14.090932055283687,
    14.090932055283687,
    14.090932055283687,
    14.090932055283687,
    493.112482514077,
    493.112482514077,
    493.112482514077,
    29.798960799269356,
    29.798960799269356,
    29.798960799269356,
    29.798960799269356,
    29.798960799269356,
    29.798960799269356,
    29.798960799269356,
    29.798960799269356,
    29.798960799269356,
    29.798960799269356,
    29.798960799269356,
    60.341778424117,
