{
  "mode": 2,
  "startTime": 1635647200048,
  "recordedSeconds": 870,
  "delayFrameIdx": 193,
  "pDelayFrameIdx": 193,
  "isAutopilot": true,
  "showDoppel": true,
  "blackoutLeft": false,
  "blackoutRight": false,
  "preset_idx": 2,
  "preset_currentDelayFrameIdx": 120,
  "manual_TH": 6000,
  "speed_jointDist": 0.9835051404688117,
  "speed_mappedFrames": [
    102.64198719308463,
    35.560131610982324,
    35.560131610982324,
    24.22128865074924,
    24.22128865074924,
    24.22128865074924,
    10.531340747067425,
    10.531340747067425,
    6.04405720031428,
    6.04405720031428,
    6.04405720031428,
    37.908414168457874,
    37.908414168457874,
    37.908414168457874,
    37.908414168457874,
    37.908414168457874,
    37.908414168457874,
    37.908414168457874,
    37.908414168457874,
    696.6833137869232,
    696.6833137869232,
    696.6833137869232,
    696.6833137869232,
    696.6833137869232,
    696.6833137869232,
    696.6833137869232,
    696.6833137869232,
    696.6833137869232,
    773.6374365815725,
    773.6374365815725,
    53.096858813854986,
    53.096858813854986,
    53.096858813854986,
    34.8204912179442,
    34.8204912179442,
    110.13497175508697,
    4.871431858721976,
    4.871431858721976,
    4.871431858721976,
    4.871431858721976,
    4.871431858721976,
    4.871431858721976,
    4.871431858721976,
    4.871431858721976,
    4.871431858721976,
    4.871431858721976,
    4.871431858721976,
    4.871431858721976,
    4.871431858721976,
    4.871431858721976,
    4.871431858721976,
    4.871431858721976,
    4.871431858721976,
    4.871431858721976,
    4.871431858721976,
    4.871431858721976,
    4.871431858721976,
    4.871431858721976,
    4.871431858721976,
    4.871431858721976,
    4.871431858721976,
    4.871431858721976,
    4.871431858721976,
    4.871431858721976,
    4.871431858721976,
    4.871431858721976,
    4.871431858721976,
    4.871431858721976,
    4.871431858721976,
    4.871431858721976,
    4.871431858721976,
    4.871431858721976,
    4.871431858721976,
    4.871431858721976,
    4.871431858721976,
    4.871431858721976,
    4.871431858721976,
    4.871431858721976,
    4.871431858721976,
    4.871431858721976,
    4.871431858721976,
    4.871431858721976,
    4.871431858721976,
    4.871431858721976,
    4.871431858721976,
    4.871431858721976,
    4.871431858721976,
    4.871431858721976,
    4.871431858721976,
    4.871431858721976,
    4.871431858721976,
    4.871431858721976,
    526.1664743601806,
    526.1664743601806,
    526.1664743601806,
    526.1664743601806,
    526.1664743601806,
    200.74573806506032,
    200.74573806506032,
    80.94452063593607,
    80.94452063593607,
    80.94452063593607,
    92.85757504374514,
    92.85757504374514,
    92.85757504374514,
    153.81059517437907,
    153.81059517437907,
    66.61902296071568,
    66.61902296071568,
    66.61902296071568,
    34.15602099631725,
    34.15602099631725,
    34.15602099631725,
    34.15602099631725,
    34.15602099631725,
    34.15602099631725,
    34.15602099631725,
    34.15602099631725,
    34.15602099631725,
    34.15602099631725,
    29.255694077182564,
    17.969036629802204,
    17.969036629802204,
    17.969036629802204,
    17.969036629802204,
    17.969036629802204,
    17.969036629802204,
    17.969036629802204,
    17.969036629802204,
    48.41254258521781,
    48.41254258521781,
    45.20923130903653,
    45.20923130903653,
    45.20923130903653,
    51.67655256530283,
    51.67655256530283,
    51.67655256530283,
    232.48662055238646,
    232.48662055238646,
    232.48662055238646,
    122.51000726728962,
    122.51000726728962,
    16.524091080941986,
    16.524091080941986,
    16.524091080941986,
    2.5858350617531496,
    2.5858350617531496,
    2.5858350617531496,
    2.5858350617531496,
    2.5858350617531496,
    106.66896457319578,
    7.227588544753658,
    7.227588544753658,
    37.90440193332685,
    37.90440193332685,
    37.90440193332685,
    33.57107896871881,
    33.57107896871881,
    33.57107896871881,
    33.57107896871881,
    33.57107896871881,
    33.57107896871881,
    33.57107896871881,
    33.57107896871881,
    652.7176731339177,
    652.7176731339177,
    34.187653623903714,
    34.187653623903714,
    34.187653623903714,
    237.07221365255955,
    237.07221365255955,
    129.870088651591,
    129.870088651591,
    129.870088651591,
    129.870088651591,
    129.870088651591,
    129.870088651591,
    212.60274292456407,
    212.60274292456407,
    212.60274292456407,
    212.60274292456407,
    212.60274292456407,
    212.60274292456407,
    212.60274292456407,
    212.60274292456407,
    212.60274292456407,
    212.60274292456407,
    212.60274292456407,
    212.60274292456407,
    212.60274292456407,
    212.60274292456407,
    212.60274292456407,
    212.60274292456407,
    212.60274292456407,
    212.60274292456407,
    212.60274292456407,
    212.60274292456407,
    212.60274292456407,
    212.60274292456407,
    212.60274292456407,
    212.60274292456407,
    212.60274292456407,
    212.60274292456407,
    212.60274292456407,
    212.60274292456407,
    212.60274292456407,
    212.60274292456407,
    212.60274292456407,
    212.60274292456407,
    212.60274292456407,
    212.60274292456407,
    212.60274292456407,
    212.60274292456407,
    212.60274292456407,
    212.60274292456407,
    212.60274292456407,
    212.60274292456407,
    212.60274292456407,
    212.60274292456407,
    212.60274292456407,
    212.60274292456407,
    212.60274292456407,
    212.60274292456407,
    212.60274292456407,
    212.60274292456407,
    212.60274292456407,
    212.60274292456407,
    212.60274292456407,
    212.60274292456407,
    212.60274292456407,
    212.60274292456407,
    212.60274292456407,
    212.60274292456407,
    564.9483471748999,
    564.9483471748999,
    564.9483471748999,
    564.9483471748999,
    184.61414247508165,
    184.61414247508165,
    27.742093338828663,
    27.742093338828663,
    27.742093338828663,
    30.608049323386073,
    30.608049323386073,
    30.608049323386073,
    30.608049323386073,
    30.608049323386073,
    30.608049323386073,
    287.19829253819677,
    287.19829253819677,
    109.88095167969658,
    109.88095167969658,
    109.88095167969658,
    109.88095167969658,
    109.88095167969658,
    109.88095167969658,
    109.88095167969658,
    109.88095167969658,
    109.88095167969658,
    109.88095167969658,
    109.88095167969658,
    45.592994888703934,
    45.592994888703934,
    2.4578612339815447,
    2.4578612339815447,
    2.4578612339815447,
    2.4578612339815447,
    2.4578612339815447,
    2.4578612339815447,
    58.21596774975442,
    496.8044899108262,
    496.8044899108262,
    496.8044899108262,
    496.8044899108262,
    496.8044899108262,
    496.8044899108262,
    496.8044899108262,
    496.8044899108262,
    496.8044899108262,
    496.8044899108262,
    496.8044899108262,
    496.8044899108262,
    496.8044899108262,
    496.8044899108262,
    496.8044899108262,
    496.8044899108262,
    496.8044899108262,
    496.8044899108262,
    496.8044899108262,
    496.8044899108262,
    496.8044899108262,
    496.8044899108262,
    496.8044899108262,
    496.8044899108262,
    496.8044899108262,
    496.8044899108262,
    496.8044899108262,
    496.8044899108262,
    496.8044899108262,
    496.8044899108262,
    496.8044899108262,
    496.8044899108262,
    496.8044899108262,
    496.8044899108262,
    496.8044899108262,
    496.8044899108262,
    496.8044899108262,
    496.8044899108262,
    496.8044899108262,
    899,
    899,
    899,
    899,
    899,
    899,
    899,
    899,
    36.07367024120775,
    36.07367024120775,
    36.07367024120775,
    42.41832223103342,
    42.41832223103342,
    42.41832223103342,
    42.41832223103342,
    42.41832223103342,
    33.376150774807364,
    33.376150774807364,
    33.376150774807364,
    33.376150774807364,
    33.376150774807364,
    33.376150774807364,
