{
  "mode": 0,
  "startTime": 1635647200048,
  "recordedSeconds": 1440,
  "delayFrameIdx": 180,
  "pDelayFrameIdx": 180,
  "isAutopilot": true,
  "showDoppel": true,
  "blackoutLeft": false,
  "blackoutRight": false,
  "preset_idx": 4,
  "preset_currentDelayFrameIdx": 180,
  "manual_TH": 6000,
  "speed_jointDist": 0.00383332414619155,
  "speed_mappedFrames": [
    49.47400980041302,
    49.47400980041302,
    45.77040810271756,
    45.77040810271756,
    45.77040810271756,
    45.77040810271756,
    45.77040810271756,
    45.77040810271756,
    45.77040810271756,
    45.77040810271756,
    45.77040810271756,
    45.77040810271756,
    45.77040810271756,
    39.44790731700995,
    39.44790731700995,
    7.615816464733654,
    7.615816464733654,
    5.805734864938499,
    5.805734864938499,
    5.805734864938499,
    2.96405893846464,
    2.96405893846464,
    2.96405893846464,
    43.196693473259685,
    43.196693473259685,
    43.196693473259685,
    19.838864244287983,
    19.838864244287983,
    19.59359353686933,
    19.59359353686933,
    19.28211101475124,
    19.28211101475124,
    19.28211101475124,
    19.28211101475124,
    19.28211101475124,
    19.28211101475124,
    19.28211101475124,
    19.28211101475124,
    19.28211101475124,
    19.28211101475124,
    19.28211101475124,
    19.28211101475124,
    19.28211101475124,
    19.28211101475124,
    19.28211101475124,
    19.28211101475124,
    19.28211101475124,
    111.73930910786171,
    111.73930910786171,
    111.73930910786171,
    15.741667797071523,
    15.741667797071523,
    15.741667797071523,
    15.741667797071523,
    15.741667797071523,
    15.741667797071523,
    15.741667797071523,
    15.741667797071523,
    15.741667797071523,
    15.741667797071523,
    15.741667797071523,
    15.741667797071523,
    15.741667797071523,
    15.741667797071523,
    15.741667797071523,
    15.741667797071523,
    15.741667797071523,
    57.07902560384692,
    9.951395248035434,
    9.951395248035434,
    9.951395248035434,
    15.289690374064767,
    15.289690374064767,
    15.289690374064767,
    15.289690374064767,
    15.289690374064767,
    15.289690374064767,
    15.289690374064767,
    15.289690374064767,
    15.289690374064767,
    15.289690374064767,
    15.289690374064767,
    15.289690374064767,
    15.289690374064767,
    15.289690374064767,
    15.289690374064767,
    15.289690374064767,
    15.289690374064767,
    15.289690374064767,
    15.289690374064767,
    15.289690374064767,
    15.289690374064767,
    15.289690374064767,
    15.289690374064767,
    15.289690374064767,
    15.289690374064767,
    15.289690374064767,
    15.289690374064767,
    15.289690374064767,
    484.7602565918267,
    484.7602565918267,
    484.7602565918267,
    484.7602565918267,
    484.7602565918267,
    180.66958783311094,
    180.66958783311094,
    180.66958783311094,
    180.66958783311094,
    99.90319613193503,
    99.90319613193503,
    99.90319613193503,
    99.90319613193503,
    99.90319613193503,
    99.90319613193503,
    99.90319613193503,
    99.90319613193503,
    99.90319613193503,
    99.90319613193503,
    99.90319613193503,
    99.90319613193503,
    99.90319613193503,
    99.90319613193503,
    99.90319613193503,
    99.90319613193503,
    99.90319613193503,
    99.90319613193503,
    99.90319613193503,
    99.90319613193503,
    99.90319613193503,
    99.90319613193503,
    99.90319613193503,
    99.90319613193503,
    99.90319613193503,
    99.90319613193503,
    99.90319613193503,
    99.90319613193503,
    99.90319613193503,
    99.90319613193503,
    99.90319613193503,
    99.90319613193503,
    110.37062540819387,
    110.37062540819387,
    53.9233177949931,
    53.9233177949931,
    53.9233177949931,
    53.9233177949931,
    53.9233177949931,
    53.9233177949931,
    204.60088783069725,
    204.60088783069725,
    204.60088783069725,
    204.60088783069725,
    204.60088783069725,
    204.60088783069725,
    204.60088783069725,
    204.60088783069725,
    204.60088783069725,
    204.60088783069725,
    261.7338413908202,
    261.7338413908202,
    261.7338413908202,
    261.7338413908202,
    261.7338413908202,
    142.09765564871606,
    142.09765564871606,
    142.09765564871606,
    142.09765564871606,
    142.09765564871606,
    142.09765564871606,
    142.09765564871606,
    142.09765564871606,
    142.09765564871606,
    142.09765564871606,
    142.09765564871606,
    142.09765564871606,
    142.09765564871606,
    142.09765564871606,
    142.09765564871606,
    142.09765564871606,
    62.579686051405425,
    1.7266761256904803,
    1.7266761256904803,
    1.7266761256904803,
    1.7266761256904803,
    1.7266761256904803,
    1.7266761256904803,
    103.27805374429767,
    103.27805374429767,
    7.4811911573806835,
    7.4811911573806835,
    7.4811911573806835,
    7.4811911573806835,
    7.4811911573806835,
    114.05467262530374,
    114.05467262530374,
    114.05467262530374,
    114.05467262530374,
    114.05467262530374,
    114.05467262530374,
    114.05467262530374,
    114.05467262530374,
    114.05467262530374,
    114.05467262530374,
    114.05467262530374,
    114.05467262530374,
    114.05467262530374,
    114.05467262530374,
    114.05467262530374,
    114.05467262530374,
    114.05467262530374,
    114.05467262530374,
    114.05467262530374,
    114.05467262530374,
    114.05467262530374,
    114.05467262530374,
    114.05467262530374,
    114.05467262530374,
    114.05467262530374,
    114.05467262530374,
    114.05467262530374,
    114.05467262530374,
    114.05467262530374,
    114.05467262530374,
    114.05467262530374,
    114.05467262530374,
    114.05467262530374,
    899,
    899,
    899,
    899,
    899,
    254.75689766272458,
    254.75689766272458,
    254.75689766272458,
    58.05158644146465,
    58.05158644146465,
    77.0404653185346,
    77.0404653185346,
    77.0404653185346,
    77.0404653185346,
    77.0404653185346,
    77.0404653185346,
    77.0404653185346,
    77.0404653185346,
    77.0404653185346,
    77.0404653185346,
    77.0404653185346,
    317.16671047413195,
    317.16671047413195,
    317.16671047413195,
    317.16671047413195,
    317.16671047413195,
    317.16671047413195,
    317.16671047413195,
    317.16671047413195,
    317.16671047413195,
    317.16671047413195,
    317.16671047413195,
    317.16671047413195,
    317.16671047413195,
    317.16671047413195,
    317.16671047413195,
    317.16671047413195,
    317.16671047413195,
    317.16671047413195,
    317.16671047413195,
    317.16671047413195,
    317.16671047413195,
    317.16671047413195,
    317.16671047413195,
    317.16671047413195,
    317.16671047413195,
    317.16671047413195,
    317.16671047413195,
    317.16671047413195,
    317.16671047413195,
    317.16671047413195,
    317.16671047413195,
    317.16671047413195,
    317.16671047413195,
    317.16671047413195,
    317.16671047413195,
    317.16671047413195,
    317.16671047413195,
    317.16671047413195,
    317.16671047413195,
    317.16671047413195,
    317.16671047413195,
    317.16671047413195,
    317.16671047413195,
    317.16671047413195,
    317.16671047413195,
    317.16671047413195,
    317.16671047413195,
    317.16671047413195,
    317.16671047413195,
    317.16671047413195,
    317.16671047413195,
    317.16671047413195,
    317.16671047413195,
    317.16671047413195,
    317.16671047413195,
    317.16671047413195,
    317.16671047413195,
    317.16671047413195,
    317.16671047413195,
    317.16671047413195,
    317.16671047413195,
    317.16671047413195,
    317.16671047413195,
    831.3005986242852,
    831.3005986242852,
    45.612195546514144,
    45.612195546514144,
    45.612195546514144,
    24.78673818338972,
    24.78673818338972,
    24.78673818338972,
    15.987031770870265,
    15.987031770870265,
    15.987031770870265,
    15.987031770870265,
    30.756371003321032,
    30.756371003321032,
    30.756371003321032,
    30.756371003321032,
