{
  "mode": 2,
  "startTime": 1635647200048,
  "recordedSeconds": 780,
  "delayFrameIdx": 26,
  "pDelayFrameIdx": 26,
  "isAutopilot": true,
  "showDoppel": true,
  "blackoutLeft": false,
  "blackoutRight": false,
  "preset_idx": 2,
  "preset_currentDelayFrameIdx": 120,
  "manual_TH": 6000,
  "speed_jointDist": 0.01963177198725311,
  "speed_mappedFrames": [
    5.665144082405534,
    5.665144082405534,
    5.059010004948663,
    5.059010004948663,
    5.059010004948663,
    5.059010004948663,
    5.059010004948663,
    27.316070152390036,
    27.316070152390036,
    3.9422854250714225,
    3.9422854250714225,
    3.9422854250714225,
    3.9422854250714225,
    3.9422854250714225,
    12.234947221985516,
    5.4750819085309645,
    5.4750819085309645,
    5.4750819085309645,
    17.64105473143908,
    17.64105473143908,
    7.1915285790092796,
    7.1915285790092796,
    7.1915285790092796,
    5.796013851198307,
    5.796013851198307,
    5.796013851198307,
    5.796013851198307,
    5.796013851198307,
    5.796013851198307,
    5.796013851198307,
    43.77995211832251,
    43.77995211832251,
    2.5938750833317195,
    2.5938750833317195,
    9.40594377819991,
    9.40594377819991,
    9.40594377819991,
    9.40594377819991,
    9.40594377819991,
    32.43341555115217,
    32.43341555115217,
    32.43341555115217,
    32.43341555115217,
    57.0817373036217,
    57.0817373036217,
    7.2606845542976295,
    7.2606845542976295,
    42.134804164496266,
    42.134804164496266,
    42.134804164496266,
    76.67723113090817,
    76.59149686646514,
    76.59149686646514,
    76.59149686646514,
    21.865896213804906,
    21.865896213804906,
    21.865896213804906,
    21.865896213804906,
    22.80384835078931,
    22.80384835078931,
    22.80384835078931,
    15.531337006433766,
    15.531337006433766,
    15.531337006433766,
    1.6375800959508169,
    1.6375800959508169,
    1.6375800959508169,
    1.6375800959508169,
    1.6375800959508169,
    1.6375800959508169,
    1.6375800959508169,
    1.6375800959508169,
    1.6375800959508169,
    1.6375800959508169,
    1.6375800959508169,
    1.6375800959508169,
    1.6375800959508169,
    1.6375800959508169,
    1.6375800959508169,
    1.6375800959508169,
    1.6375800959508169,
    1.6375800959508169,
    1.6375800959508169,
    1.6375800959508169,
    1.6375800959508169,
    1.6375800959508169,
    1.6375800959508169,
    1.6375800959508169,
    21.14841759340588,
    38.445362355703736,
    38.445362355703736,
    7.535218219508648,
    7.535218219508648,
    7.535218219508648,
    71.67341191764973,
    71.67341191764973,
    71.67341191764973,
    71.67341191764973,
    71.67341191764973,
    71.67341191764973,
    170.28478103427275,
    170.28478103427275,
    28.028972231650425,
    28.028972231650425,
    19.70777545056359,
    14.724810116116522,
    14.724810116116522,
    4.492323570691016,
    4.492323570691016,
    4.492323570691016,
    6.000023062020067,
    6.000023062020067,
    6.000023062020067,
    12.946205082753261,
    12.946205082753261,
    12.946205082753261,
    4.952733576325504,
    4.952733576325504,
    4.952733576325504,
    71.49624647765748,
    71.49624647765748,
    71.49624647765748,
    54.29291195402889,
    54.29291195402889,
    54.29291195402889,
    74.88775610738307,
    74.88775610738307,
    6.249813596917308,
    6.249813596917308,
    6.249813596917308,
    46.48970630934642,
    46.48970630934642,
    46.48970630934642,
    17.031573870500946,
    17.031573870500946,
    29.049415978245435,
    29.049415978245435,
    29.049415978245435,
    5.942256342373628,
    5.942256342373628,
    20.753986927465462,
    20.753986927465462,
    20.753986927465462,
    9.18832097946747,
    9.18832097946747,
    9.18832097946747,
    3.3506914050107275,
    3.3506914050107275,
    3.3506914050107275,
    3.3506914050107275,
    3.3506914050107275,
    3.3506914050107275,
    3.3506914050107275,
    3.3506914050107275,
    3.3506914050107275,
    3.3506914050107275,
    3.3506914050107275,
    3.3506914050107275,
    3.3506914050107275,
    3.3506914050107275,
    3.3506914050107275,
    3.3506914050107275,
    84.3285473374209,
    84.3285473374209,
    84.3285473374209,
    84.3285473374209,
    84.3285473374209,
    84.3285473374209,
    84.3285473374209,
    84.3285473374209,
    84.3285473374209,
    24.541779697965776,
    24.541779697965776,
    24.541779697965776,
    24.541779697965776,
    4.894955203786714,
    6.01548644283982,
    6.01548644283982,
    0.39341837896524673,
    0.39341837896524673,
    0.39341837896524673,
    6.157010068098302,
    6.157010068098302,
    6.157010068098302,
    5.698300655211299,
    5.698300655211299,
    5.698300655211299,
    3.0021578852412163,
    3.0021578852412163,
    3.0021578852412163,
    3.666505772510784,
    6.067909590379999,
    6.067909590379999,
    6.067909590379999,
    1.5589825689911665,
    1.5589825689911665,
    1.5589825689911665,
    0.7704573853085682,
    0.7704573853085682,
    0.7704573853085682,
    8.946701665282049,
    8.946701665282049,
    8.946701665282049,
    33.10136010018454,
    33.10136010018454,
    33.10136010018454,
    45.94619623865022,
    45.94619623865022,
    45.94619623865022,
    45.94619623865022,
    27.998446313014764,
    27.998446313014764,
    27.998446313014764,
    9.014665398050745,
    9.014665398050745,
    9.014665398050745,
    17.440528115487542,
    17.440528115487542,
    17.440528115487542,
    4.190545823841889,
    4.190545823841889,
    4.190545823841889,
    0.5156096516634873,
    0.5156096516634873,
    0.5156096516634873,
    4.074475458764971,
    4.074475458764971,
    0.8301342750694175,
    0.8301342750694175,
    0.8301342750694175,
    58.33531260888705,
    58.33531260888705,
    58.33531260888705,
    77.3680197627209,
    77.3680197627209,
    77.3680197627209,
    77.3680197627209,
    42.37183350686357,
    42.37183350686357,
    42.37183350686357,
    42.37183350686357,
    17.55075154588864,
    17.55075154588864,
    17.55075154588864,
    17.55075154588864,
    17.55075154588864,
    17.55075154588864,
    26.107775988591538,
    26.107775988591538,
    1.2556168569985309,
    1.2556168569985309,
    1.2556168569985309,
    12.981652620857185,
    12.981652620857185,
    12.981652620857185,
    11.71564473060267,
    11.71564473060267,
    10.020610856343756,
    10.020610856343756,
    10.020610856343756,
    2.770746830310534,
    2.770746830310534,
    2.770746830310534,
    1.4992832616077112,
    1.4992832616077112,
    1.4992832616077112,
    4.547354185585344,
    4.547354185585344,
    4.547354185585344,
    0.9384960332791852,
    0.9384960332791852,
    0.9384960332791852,
    5.376055456334276,
    5.376055456334276,
    5.376055456334276,
    5.376055456334276,
    3.4007680034847523,
    3.4007680034847523,
    3.4007680034847523,
    0.757664274693805,
    5.241040632426902,
    5.241040632426902,
    5.241040632426902,
    4.464982234474281,
    1.0527426842890537,
    2.504205337387266,
    2.504205337387266,
    2.504205337387266,
    9.535236812419631,
    9.535236812419631,
    9.535236812419631,
    46.27289472346979,
    46.27289472346979,
    46.27289472346979,
    46.27289472346979,
    21.092180806749234,
    21.092180806749234,
    21.092180806749234,
    21.092180806749234,
    183.7710994987028,
    183.7710994987028,
    0.9401533258884923,
    0.9401533258884923,
    0.9401533258884923,
    51.24007276083379,
    51.24007276083379,
    12.816008755590683,
    12.816008755590683,
    12.816008755590683,
    20.479330777268444,
    20.479330777268444,
    3.9574598272216335,
    3.9574598272216335,
    3.9574598272216335,
    4.894022783225785,
    2.3943737372901785,
    2.3943737372901785,
    25.359205476685794,
    25.359205476685794,
    25.359205476685794,
    78.72416846552296,
    78.72416846552296,
    78.72416846552296,
    1.4483606730526688,
    1.4483606730526688,
    37.42296974750668,
