{
  "mode": 3,
  "startTime": 1631642223594,
  "recordedSeconds": 704,
  "delayFrameIdx": 11173,
  "pDelayFrameIdx": 11173,
  "preset_idx": 3,
  "preset_currentDelayFrameIdx": 300,
  "manual_TH": 6000,
  "speed_jointDist": 1.6865966620761992,
  "speed_mappedFrames": [
    20.243846738635618,
    20.243846738635618,
    20.243846738635618,
    20.243846738635618,
    20.243846738635618,
    20.243846738635618,
    20.243846738635618,
    20.243846738635618,
    7.50802047527767,
    7.50802047527767,
    8.764425454516275,
    8.764425454516275,
    8.764425454516275,
    8.764425454516275,
    1.7490667120563694,
    1.7490667120563694,
    3.2771343877213197,
    2.355553102087681,
    2.355553102087681,
    5.609206792785605,
    4.588221166495062,
    4.588221166495062,
    20.539727846220533,
    20.539727846220533,
    27.516490693420913,
    25.252223107718518,
    25.252223107718518,
    24.781597586129028,
    24.781597586129028,
    24.781597586129028,
    24.530428088134602,
    14.69307315317362,
    10.594251809411958,
    9.127684349063587,
    21.731502130109224,
    21.731502130109224,
    21.731502130109224,
    38.82368936428882,
    38.82368936428882,
    17.835975487245705,
    10.893764971069832,
    10.893764971069832,
    10.893764971069832,
    10.893764971069832,
    26.31908740959367,
    26.31908740959367,
    32.66042257064027,
    32.66042257064027,
    32.66042257064027,
    32.66042257064027,
    32.66042257064027,
    31.139581764775574,
    19.784308324240712,
    19.784308324240712,
    11.801401999435122,
    11.801401999435122,
    9.597053942167245,
    9.597053942167245,
    2.855334579571278,
    2.855334579571278,
    9.820153188828094,
    49.2439941464228,
    49.2439941464228,
    40.64905053332912,
    40.64905053332912,
    40.64905053332912,
    40.64905053332912,
    40.64905053332912,
    40.64905053332912,
    40.64905053332912,
    40.64905053332912,
    40.64905053332912,
    40.64905053332912,
    40.64905053332912,
    40.64905053332912,
    40.64905053332912,
    40.64905053332912,
    40.64905053332912,
    40.64905053332912,
    7.001601559055733,
    7.001601559055733,
    5.500941299128779,
    31.822903808142055,
    13.77850088453292,
    28.91786614483503,
    15.222867997770848,
    23.656980157438543,
    23.656980157438543,
    23.656980157438543,
    6.242455538187625,
    6.242455538187625,
    5.258381954816111,
    37.29071236121155,
    38.716981954641405,
    38.716981954641405,
    38.716981954641405,
    38.716981954641405,
    53.683110604202746,
    53.683110604202746,
    14.062504314376111,
    31.033390637506702,
    36.5452891119686,
    19.18014593837937,
    19.18014593837937,
    20.46845358847507,
    15.41864033923587,
    15.41864033923587,
    15.41864033923587,
    15.41864033923587,
    15.41864033923587,
    15.41864033923587,
    15.41864033923587,
    15.41864033923587,
    15.41864033923587,
    44.83127219667611,
    44.83127219667611,
    44.83127219667611,
    44.83127219667611,
    44.83127219667611,
    44.83127219667611,
    44.83127219667611,
    44.83127219667611,
    44.83127219667611,
    44.83127219667611,
    52.21070455709755,
    52.21070455709755,
    52.21070455709755,
    52.21070455709755,
    24.021480105049758,
    2.841933062569216,
    2.841933062569216,
    2.841933062569216,
    16.026163663392495,
    16.026163663392495,
    3.6661862983627764,
    3.6661862983627764,
    7.415403168562984,
    7.415403168562984,
    8.687836062302887,
    8.687836062302887,
    12.787921645948915,
    12.787921645948915,
    9.19698940956559,
    9.19698940956559,
    17.467292053745453,
    21.65928581932253,
    26.299702495536188,
    23.84087538039312,
    23.84087538039312,
    36.93092221836845,
    24.212717886619462,
    24.212717886619462,
    22.873790293412537,
    22.873790293412537,
    22.873790293412537,
    22.873790293412537,
    5.915491289011488,
    5.915491289011488,
    20.45038410682486,
    7.993517797435915,
    7.993517797435915,
    7.993517797435915,
    17.900935514358736,
    14.982857743747681,
    5.768929024339827,
    14.75916168617601,
    15.211999169346907,
    26.041862945483068,
    22.621679852238202,
    12.230762272632653,
    22.382137335073995,
    17.198621412653342,
    4.752506277820307,
    10.098317074015116,
    15.558749345649453,
    2.509905298200649,
    4.7985203650192165,
    10.696338906596337,
    3.8340194450897727,
    3.8340194450897727,
    5.341419571386685,
    8.288445852298771,
    9.091718001153447,
    15.413666075843302,
    15.418144230472334,
    3.743562482270678,
    1.1407660062222489,
    10.95003101588843,
    10.336182766380958,
    6.289401693111705,
    8.183881216817388,
    5.188220776831173,
    2.3918113452467873,
    2.2053845006547026,
    1.4506110170658664,
    1.4506110170658664,
    4.707747393300155,
    4.707747393300155,
    15.156432715231238,
    9.028529616587138,
    18.31096612704408,
    31.5696852369011,
    20.519757857664096,
    19.345644910733878,
    2.4325950793779434,
    12.609750108628065,
    15.688314611976269,
    9.199861877143874,
    9.199861877143874,
    13.531749846600919,
    20.347818709109067,
    6.706312980736494,
    19.75088657802341,
    10.790879989683722,
    10.790879989683722,
    42.53043725788833,
    43.632213092272934,
    2.612030866046661,
    13.045015929935808,
    5.561355549034955,
    6.0753705165602465,
    7.576461794399264,
    17.324359452696523,
    17.324359452696523,
    5.766296007668766,
    5.766296007668766,
    11.13974307546966,
    14.015955206263124,
    23.558387836579044,
    23.558387836579044,
    33.195841981889984,
    22.77537244074402,
    22.77537244074402,
    16.608088198871176,
    9.53370787039189,
    7.732884834433936,
    9.242456840550934,
    6.226760223528194,
    6.805637298825102,
    9.068748872842786,
    21.508398461836244,
    17.44484164156558,
    1.2148450130798398,
    7.05138823105913,
    15.96348914824503,
    17.27298785222013,
    21.331657856977785,
    3.480491248411202,
    4.465754214219632,
    4.465754214219632,
    2.236807762378248,
    2.236807762378248,
    6.095295089994117,
    6.632782206491288,
    13.753879598821639,
    4.4982111288629945,
    3.3234494231262586,
    13.877820570226982,
    3.6750983202867045,
    17.08834788503869,
    14.873583798202953,
    1.284858504335217,
    1.8136451683302233,
    1.8136451683302233,
    11.579671968436573,
    9.23883235881113,
    2.1639534675363588,
    2.1639534675363588,
    2.6916451027437085,
    10.224201418808654,
    10.224201418808654,
    13.02841837525766,
    7.129925019233832,
    10.59750629732892,
    10.59750629732892,
    12.567743404758142,
    8.034465870903897,
    9.967174963758753,
    26.483591898074373,
    28.26074173035116,
    9.56029952315329,
    4.079930088731504,
    7.104885756993262,
    19.21256741624638,
    19.21256741624638,
    10.124489412094666,
    6.700286059049054,
    6.700286059049054,
    13.722776171415054,
    13.722776171415054,
    16.265171608863135,
    10.821615088743844,
    7.930534562535698,
    7.930534562535698,
    5.790247400369121,
    7.569254185127372,
    7.569254185127372,
    8.982540852525354,
    11.07287602598056,
    4.737685833140653,
    9.03450777015678,
    2.1739538482132486,
    2.1739538482132486,
    9.535951074513582,
    9.417239795692474,
    13.034763233083266,
    18.705171460629057,
    20.474450092028697,
    19.26943232384188,
    9.204973466939911,
    21.11041050327788,
    9.490040687168833,
    11.586342192982656,
    7.538894649995841,
    17.716640877571457,
    19.12108721065746,
    7.481832343312115,
    6.046647054144621,
    9.842682943873037,
    7.11113092195366,
    7.11113092195366,
    14.990548663197501,
    15.221904958060032,
    4.5612762109969465,
    12.278185423421291,
    19.399738095814467,
    11.249968212259612,
    29.533870565077216,
    10.16258093597492,
    10.16258093597492,
