{
  "mode": 0,
  "startTime": 1635647200048,
  "recordedSeconds": 600,
  "delayFrameIdx": 120,
  "pDelayFrameIdx": 120,
  "isAutopilot": true,
  "showDoppel": true,
  "blackoutLeft": false,
  "blackoutRight": false,
  "preset_idx": 2,
  "preset_currentDelayFrameIdx": 120,
  "manual_TH": 6000,
  "speed_jointDist": 0.01051095338317104,
  "speed_mappedFrames": [
    0.32643084408710393,
    2.8789508923897804,
    2.8789508923897804,
    2.8789508923897804,
    3.014338049157097,
    3.014338049157097,
    3.014338049157097,
    0.9360724481555792,
    0.9360724481555792,
    0.9360724481555792,
    1.2196815190259116,
    0.2879057759908258,
    0.2879057759908258,
    0.2879057759908258,
    1.3044041227650374,
    1.3044041227650374,
    1.3044041227650374,
    0.3603753873647702,
    0.3603753873647702,
    0.3603753873647702,
    4.884057672776812,
    4.884057672776812,
    4.884057672776812,
    4.165184349206399,
    4.165184349206399,
    4.165184349206399,
    2.6446462087155913,
    2.6446462087155913,
    2.6446462087155913,
    3.483336225693011,
    3.483336225693011,
    2.5120326173885434,
    2.5120326173885434,
    2.5120326173885434,
    3.655611753003208,
    3.655611753003208,
    3.655611753003208,
    0.40973357787936016,
    0.40973357787936016,
    0.40973357787936016,
    0.4488667906760813,
    0.4488667906760813,
    0.4488667906760813,
    0.941345599440755,
    0.941345599440755,
    0.941345599440755,
    0.7871789742636425,
    0.7871789742636425,
    0.7871789742636425,
    0.7871789742636425,
    1.7257512275733908,
    1.7257512275733908,
    1.7257512275733908,
    2.1177813464503945,
    2.1177813464503945,
    2.1177813464503945,
    0.6080773108202142,
    0.6080773108202142,
    1.9638100862456727,
    1.9638100862456727,
    1.9638100862456727,
    1.1125105960236827,
    1.1125105960236827,
    1.1125105960236827,
    1.3168667888464722,
    1.3168667888464722,
    1.3168667888464722,
    3.8338327041000975,
    3.8338327041000975,
    3.8338327041000975,
    2.604496857675025,
    2.604496857675025,
    2.604496857675025,
    3.084709444454849,
    3.084709444454849,
    3.084709444454849,
    3.488683845204034,
    3.488683845204034,
    3.488683845204034,
    3.488683845204034,
    5.296477502200373,
    5.296477502200373,
    5.296477502200373,
    9.467165089450058,
    9.467165089450058,
    9.467165089450058,
    9.467165089450058,
    8.157537253842385,
    8.157537253842385,
    4.604317498987945,
    4.604317498987945,
    4.604317498987945,
    6.03850684554928,
    6.03850684554928,
    3.7548531667777336,
    3.7548531667777336,
    3.7548531667777336,
    0.2590556030491946,
    0.2590556030491946,
    0.2590556030491946,
    10.527712338791343,
    10.527712338791343,
    10.527712338791343,
    2.0252351565789475,
    2.0252351565789475,
    2.0252351565789475,
    2.4748144733447455,
    2.4748144733447455,
    2.4748144733447455,
    2.4748144733447455,
    6.729780960606404,
    6.729780960606404,
    6.729780960606404,
    6.729780960606404,
    6.729780960606404,
    3.504476658381916,
    3.504476658381916,
    3.504476658381916,
    2.4006641004595592,
    2.4006641004595592,
    2.4006641004595592,
    2.4006641004595592,
    2.4006641004595592,
    2.4006641004595592,
    4.713243111682538,
    4.713243111682538,
    3.6699534883319265,
    3.6699534883319265,
    3.6699534883319265,
    0.9196667760626044,
    1.3245689193614565,
    1.3245689193614565,
    1.3245689193614565,
    1.7208825301876138,
    1.7208825301876138,
    0.9038472391646628,
    0.9038472391646628,
    0.9038472391646628,
    8.506202647099053,
    8.506202647099053,
    8.506202647099053,
    8.799289079866261,
    8.799289079866261,
    0.5502444999090672,
    0.5502444999090672,
    0.5502444999090672,
    0.1415897913097263,
    0.1923366792888867,
    0.1923366792888867,
    0.1923366792888867,
    0.1923366792888867,
    1.0091585191276977,
    1.0091585191276977,
    1.0091585191276977,
    2.1399635633168796,
    2.1399635633168796,
    2.1399635633168796,
    13.108220515014025,
    13.108220515014025,
    13.108220515014025,
    1.6439266527345129,
    1.6439266527345129,
    1.6439266527345129,
    1.6439266527345129,
    1.6439266527345129,
    2.8899814774945716,
    1.1043910961977204,
    1.1043910961977204,
    2.1921357198646176,
    2.1921357198646176,
    1.3496492947050562,
    1.3496492947050562,
    1.3496492947050562,
    2.8151476379708256,
    2.8151476379708256,
    2.8151476379708256,
    5.316424894730046,
    5.316424894730046,
    5.316424894730046,
    1.3234622447070252,
    1.3234622447070252,
    1.3234622447070252,
    0.21413670323366257,
    0.21413670323366257,
    0.21413670323366257,
    1.9098379991868968,
    1.9098379991868968,
    1.9098379991868968,
    1.030254261944039,
    1.030254261944039,
    1.030254261944039,
    1.030254261944039,
    0.9462920748292372,
    0.46137612849773535,
    0.46137612849773535,
    0.46137612849773535,
    1.2325557376158476,
    1.2325557376158476,
    1.2325557376158476,
    0.7273752133084118,
    0.7273752133084118,
    0.7273752133084118,
    0.7273752133084118,
    0.6819337123587759,
    0.8920499500279424,
    0.8920499500279424,
    0.8920499500279424,
    0.7061017444016738,
    0.7061017444016738,
    0.7061017444016738,
    1.6365640543497606,
    1.6365640543497606,
    1.6365640543497606,
    1.6365640543497606,
    1.6365640543497606,
    7.95750687224867,
    7.95750687224867,
    2.4847030794005547,
    2.4847030794005547,
    2.4847030794005547,
    2.0404771995688598,
    4.832456285659476,
    4.832456285659476,
    4.832456285659476,
    1.927199208836035,
    1.927199208836035,
    1.927199208836035,
    1.927199208836035,
    1.927199208836035,
    1.927199208836035,
    1.927199208836035,
    1.927199208836035,
    32.17046520149062,
    32.17046520149062,
    6.4219810630159015,
    2.1857008312413724,
    2.1857008312413724,
    0.7463489713845056,
    0.7463489713845056,
    0.7463489713845056,
    1.2640140474146515,
    1.2640140474146515,
    1.2640140474146515,
    6.623267165283832,
    6.623267165283832,
    6.623267165283832,
    6.623267165283832,
    6.623267165283832,
    6.623267165283832,
    6.623267165283832,
    6.623267165283832,
    6.623267165283832,
    6.623267165283832,
    6.623267165283832,
    6.623267165283832,
    6.623267165283832,
    6.623267165283832,
    6.623267165283832,
    6.623267165283832,
    6.623267165283832,
    6.623267165283832,
    6.623267165283832,
    6.623267165283832,
    6.623267165283832,
    6.623267165283832,
    6.623267165283832,
    6.623267165283832,
    6.623267165283832,
    6.623267165283832,
    6.623267165283832,
    6.623267165283832,
    6.623267165283832,
    6.623267165283832,
    96.1028157465609,
    96.1028157465609,
    96.1028157465609,
    96.1028157465609,
    96.1028157465609,
    96.1028157465609,
    96.1028157465609,
    96.1028157465609,
    96.1028157465609,
    96.1028157465609,
    96.1028157465609,
    96.1028157465609,
    96.1028157465609,
    96.1028157465609,
    96.1028157465609,
    96.1028157465609,
    96.1028157465609,
    96.1028157465609,
    96.1028157465609,
    96.1028157465609,
    96.1028157465609,
    96.1028157465609,
    96.1028157465609,
    96.1028157465609,
    96.1028157465609,
    96.1028157465609,
    96.1028157465609,
    96.1028157465609,
    96.1028157465609,
    96.1028157465609,
    96.1028157465609,
    2.270750001607643,
    2.270750001607643,
    2.270750001607643,
    2.270750001607643,
    2.270750001607643,
    2.270750001607643,
    2.270750001607643,
    2.270750001607643,
    2.270750001607643,
    2.270750001607643,
    2.270750001607643,
    2.270750001607643,
    2.270750001607643,
    7.837867929445518,
    7.837867929445518,
    3.1308820846544574,
    6.478353997138453,
    6.478353997138453,
    1.9577984665101065,
    1.9577984665101065,
    1.1222468455394903,
