{
  "mode": 2,
  "startTime": 1635647200048,
  "recordedSeconds": 900,
  "delayFrameIdx": 9,
  "pDelayFrameIdx": 9,
  "isAutopilot": true,
  "showDoppel": true,
  "blackoutLeft": false,
  "blackoutRight": false,
  "preset_idx": 2,
  "preset_currentDelayFrameIdx": 120,
  "manual_TH": 6000,
  "speed_jointDist": 0.48100209055841353,
  "speed_mappedFrames": [
    9.287928092245107,
    9.287928092245107,
    9.287928092245107,
    9.287928092245107,
    9.287928092245107,
    9.287928092245107,
    9.287928092245107,
    12.249104283271638,
    12.249104283271638,
    12.249104283271638,
    18.998512448327865,
    18.998512448327865,
    6.69176127182905,
    6.69176127182905,
    3.356042195011646,
    3.356042195011646,
    3.356042195011646,
    1.766020373185297,
    1.766020373185297,
    1.766020373185297,
    11.826966616041565,
    11.826966616041565,
    11.826966616041565,
    11.826966616041565,
    11.826966616041565,
    11.826966616041565,
    12.440998938939105,
    12.440998938939105,
    12.440998938939105,
    1.271791618452795,
    1.271791618452795,
    1.271791618452795,
    1.271791618452795,
    1.271791618452795,
    9.643120505131282,
    9.643120505131282,
    0.5348129584242796,
    0.5348129584242796,
    0.5348129584242796,
    6.800805779627911,
    6.800805779627911,
    6.800805779627911,
    9.41338380173417,
    9.41338380173417,
    9.41338380173417,
    2.3196067126531794,
    2.3196067126531794,
    2.3196067126531794,
    0.7183740848004563,
    0.7183740848004563,
    0.7183740848004563,
    1.1551191017528029,
    1.1551191017528029,
    2.523044052433463,
    2.523044052433463,
    2.523044052433463,
    1.9912114154466065,
    1.9912114154466065,
    2.713499900290155,
    2.713499900290155,
    2.713499900290155,
    4.234996195587129,
    4.234996195587129,
    4.234996195587129,
    1.9820878608491994,
    1.9820878608491994,
    1.9820878608491994,
    3.4935048340922266,
    3.4935048340922266,
    3.4935048340922266,
    0.6387274316230804,
    0.6387274316230804,
    0.6387274316230804,
    1.9649619720886684,
    1.9649619720886684,
    1.9649619720886684,
    3.867394096426985,
    3.867394096426985,
    3.867394096426985,
    0.6734855897629232,
    2.5937720419295363,
    2.5937720419295363,
    2.5937720419295363,
    3.713189405132136,
    3.713189405132136,
    3.713189405132136,
    3.713189405132136,
    2.691738082432507,
    2.691738082432507,
    2.691738082432507,
    2.691738082432507,
    2.691738082432507,
    2.579251029964728,
    2.579251029964728,
    2.579251029964728,
    0.9174033566006613,
    0.9174033566006613,
    0.9174033566006613,
    2.6831655404548873,
    2.6831655404548873,
    14.195007915122064,
    14.195007915122064,
    2.528109028187657,
    2.528109028187657,
    2.528109028187657,
    2.528109028187657,
    2.528109028187657,
    2.528109028187657,
    2.528109028187657,
    4.888580350986203,
    4.888580350986203,
    6.694460344073495,
    6.694460344073495,
    6.694460344073495,
    1.3573388023268222,
    1.3573388023268222,
    1.5649068992795492,
    1.5649068992795492,
    1.5649068992795492,
    0.06417186012936955,
    0.06417186012936955,
    0.06417186012936955,
    0.1191746685884361,
    0.1191746685884361,
    0.1191746685884361,
    0.3402245651529812,
    0.3402245651529812,
    0.3402245651529812,
    0.6612978156858872,
    0.6612978156858872,
    0.6612978156858872,
    2.235684720131714,
    2.235684720131714,
    6.721892675961457,
    6.721892675961457,
    6.721892675961457,
    1.7713907599342587,
    1.7713907599342587,
    1.7713907599342587,
    2.2255304922895416,
    2.2255304922895416,
    2.2255304922895416,
    1.3636906448083161,
    1.3636906448083161,
    1.3636906448083161,
    1.9156652954337423,
    1.9156652954337423,
    1.9156652954337423,
    4.664091621833894,
    4.664091621833894,
    4.664091621833894,
    2.1332753463437544,
    2.1332753463437544,
    2.1332753463437544,
    2.1332753463437544,
    6.138353498161721,
    6.138353498161721,
    6.138353498161721,
    3.457592393186897,
    3.457592393186897,
    3.457592393186897,
    1.8287876178072446,
    1.8287876178072446,
    1.8287876178072446,
    1.5129027517611378,
    0.19870898355013375,
    0.19870898355013375,
    0.19870898355013375,
    0.19870898355013375,
    0.9016006615150183,
    0.9016006615150183,
    0.9016006615150183,
    1.0711781123741508,
    1.0711781123741508,
    1.0711781123741508,
    2.5873954774649013,
    2.5873954774649013,
    2.5873954774649013,
    0.5695150110062178,
    0.5695150110062178,
    0.5695150110062178,
    1.2506655680654082,
    1.2506655680654082,
    1.2506655680654082,
    1.5227687846418005,
    1.5227687846418005,
    1.5227687846418005,
    2.7820536045728224,
    2.7820536045728224,
    2.7820536045728224,
    1.476842540415369,
    1.476842540415369,
    0.36822666637082085,
    0.36822666637082085,
    0.36822666637082085,
    0.46872901217542245,
    0.46872901217542245,
    0.46872901217542245,
    1.8105072108781064,
    1.8105072108781064,
    1.8105072108781064,
    0.8800769652495487,
    0.8800769652495487,
    0.8800769652495487,
    0.07516854217271102,
    0.07516854217271102,
    0.07516854217271102,
    0.07516854217271102,
    1.6073287488897774,
    1.6073287488897774,
    1.6073287488897774,
    0.45541355748058715,
    0.45541355748058715,
    0.45541355748058715,
    1.2959481137869908,
    1.2959481137869908,
    1.2959481137869908,
    2.4722508798606118,
    2.4722508798606118,
    2.4722508798606118,
    0.8781296393165706,
    0.8781296393165706,
    0.8781296393165706,
    2.1015400407795437,
    2.1015400407795437,
    2.1015400407795437,
    1.7539865338668732,
    1.7539865338668732,
    1.7539865338668732,
    0.8956088810606664,
    0.8956088810606664,
    0.8956088810606664,
    1.3757449680104887,
    1.3757449680104887,
    1.3757449680104887,
    0.6566740535634136,
    0.6566740535634136,
    0.6566740535634136,
    1.2954105615724272,
    1.2954105615724272,
    1.2954105615724272,
    2.9762759676928607,
    0.6651238983793796,
    0.6651238983793796,
    0.6651238983793796,
    2.728536360421588,
    1.7131825076118232,
    1.7131825076118232,
    1.7131825076118232,
    1.2848349315014986,
    1.2848349315014986,
    1.2848349315014986,
    1.4455559870088093,
    1.4455559870088093,
    1.4455559870088093,
    1.4455559870088093,
    1.3440179371415075,
    1.3440179371415075,
    1.3440179371415075,
    4.770780967288002,
    0.6800916894895422,
    0.6800916894895422,
    0.6800916894895422,
    0.8078223131718982,
    0.8194766024802345,
    0.8194766024802345,
    0.8194766024802345,
    0.9776586995273503,
    0.9776586995273503,
    0.9776586995273503,
    0.22625685067991622,
    0.22625685067991622,
    0.22625685067991622,
    0.7080362441576336,
    0.7080362441576336,
    0.7080362441576336,
    0.9023397592791617,
    0.9023397592791617,
    0.9023397592791617,
    1.253973384877914,
    1.253973384877914,
    1.253973384877914,
    0.2658878373093007,
    0.2658878373093007,
    0.2658878373093007,
    0.994250137070928,
    0.994250137070928,
    0.994250137070928,
    0.5432324882325683,
    0.5432324882325683,
    0.5432324882325683,
    0.2649834342183465,
    0.2649834342183465,
    0.2649834342183465,
    0.2649834342183465,
    0.2649834342183465,
    0.6582606090915037,
    0.6582606090915037,
    0.3546110257419753,
    0.3546110257419753,
    0.3546110257419753,
    0.3546110257419753,
    0.3546110257419753,
    1.2796043272752515,
    1.2796043272752515,
    1.2796043272752515,
    1.5483539048149604,
    1.5483539048149604,
    1.5483539048149604,
    1.5483539048149604,
    1.5483539048149604,
    1.5483539048149604,
    1.5483539048149604,
    1.5483539048149604,
    1.5483539048149604,
    9.787009672373568,
    9.787009672373568,
    3.8062615278712344,
    3.8062615278712344,
    3.8062615278712344,
    5.7903428192130955,
