{
  "mode": 3,
  "startTime": 1635647200048,
  "recordedSeconds": 1890,
  "delayFrameIdx": 539,
  "pDelayFrameIdx": 539,
  "isAutopilot": true,
  "showDoppel": true,
  "blackoutLeft": false,
  "blackoutRight": false,
  "preset_idx": 2,
  "preset_currentDelayFrameIdx": 120,
  "manual_TH": 6000,
  "speed_jointDist": 0.0041187991309518945,
  "speed_mappedFrames": [
    8.826957709968632,
    8.826957709968632,
    8.826957709968632,
    10.9552655620397,
    10.9552655620397,
    10.9552655620397,
    10.9552655620397,
    10.9552655620397,
    10.9552655620397,
    10.9552655620397,
    10.9552655620397,
    10.9552655620397,
    10.9552655620397,
    10.9552655620397,
    10.9552655620397,
    18.352301598716856,
    18.352301598716856,
    4.468412617724736,
    4.468412617724736,
    4.468412617724736,
    9.996748800824818,
    3.049002005085418,
    3.049002005085418,
    3.049002005085418,
    3.049002005085418,
    2.2480869367425846,
    2.2480869367425846,
    2.2480869367425846,
    2.2480869367425846,
    15.418028915635492,
    15.418028915635492,
    15.418028915635492,
    15.418028915635492,
    15.418028915635492,
    15.418028915635492,
    15.418028915635492,
    15.418028915635492,
    15.418028915635492,
    15.418028915635492,
    15.418028915635492,
    15.418028915635492,
    15.418028915635492,
    15.418028915635492,
    15.418028915635492,
    15.418028915635492,
    15.418028915635492,
    15.418028915635492,
    15.418028915635492,
    113.58768476971291,
    3.67062580868257,
    3.67062580868257,
    3.67062580868257,
    29.473844082814246,
    29.473844082814246,
    5.221983332425983,
    5.221983332425983,
    5.221983332425983,
    3.9924658608487875,
    2.645598710270327,
    2.645598710270327,
    1.6069987722852455,
    1.6069987722852455,
    0.8415912282132443,
    1.269121375372429,
    1.269121375372429,
    1.269121375372429,
    1.269121375372429,
    0.9745073250289573,
    0.9745073250289573,
    0.9745073250289573,
    1.294878054843917,
    1.294878054843917,
    1.294878054843917,
    0.36168946388622436,
    0.36168946388622436,
    0.36168946388622436,
    2.7729903773912437,
    2.7729903773912437,
    0.6524372021310652,
    0.6524372021310652,
    0.6524372021310652,
    3.4511348255279195,
    3.4511348255279195,
    3.4511348255279195,
    1.4021860696393063,
    0.8444128701906228,
    0.8444128701906228,
    0.8444128701906228,
    1.4092601634707056,
    1.4092601634707056,
    1.4092601634707056,
    1.4092601634707056,
    1.4092601634707056,
    1.4092601634707056,
    1.4092601634707056,
    1.4092601634707056,
    1.4092601634707056,
    1.4092601634707056,
    1.4092601634707056,
    1.4092601634707056,
    1.4092601634707056,
    1.4092601634707056,
    1.4092601634707056,
    1.4092601634707056,
    1.4092601634707056,
    1.4092601634707056,
    1.4092601634707056,
    1.4092601634707056,
    1.4092601634707056,
    1.4092601634707056,
    1.4092601634707056,
    1.4092601634707056,
    1.4092601634707056,
    1.4092601634707056,
    1.4092601634707056,
    1.4092601634707056,
    1.4092601634707056,
    1.4092601634707056,
    1.4092601634707056,
    1.4092601634707056,
    1.4092601634707056,
    1.4092601634707056,
    1.4092601634707056,
    1.4092601634707056,
    1.4092601634707056,
    1.4092601634707056,
    1.4092601634707056,
    1.4092601634707056,
    1.4092601634707056,
    1.4092601634707056,
    1.4092601634707056,
    1.4092601634707056,
    1.4092601634707056,
    1.4092601634707056,
    1.4092601634707056,
    1.4092601634707056,
    1.4092601634707056,
    1.4092601634707056,
    1.4092601634707056,
    1.4092601634707056,
    1.4092601634707056,
    1.4092601634707056,
    1.4092601634707056,
    1.4092601634707056,
    1.4092601634707056,
    1.4092601634707056,
    1.4092601634707056,
    1.4092601634707056,
    1.4092601634707056,
    1.4092601634707056,
    1.4092601634707056,
    1.4092601634707056,
    1.4092601634707056,
    1.4092601634707056,
    1.4092601634707056,
    1.4092601634707056,
    80.82406207673944,
    80.82406207673944,
    1.181895972371916,
    1.181895972371916,
    1.181895972371916,
    8.68734005989104,
    8.68734005989104,
    15.475900030019384,
    15.475900030019384,
    15.475900030019384,
    15.475900030019384,
    15.475900030019384,
    15.475900030019384,
    15.475900030019384,
    68.26271460990168,
    68.26271460990168,
    19.93677165039747,
    19.93677165039747,
    19.93677165039747,
    19.93677165039747,
    19.93677165039747,
    93.03869153051787,
    93.03869153051787,
    93.03869153051787,
    93.03869153051787,
    93.03869153051787,
    93.03869153051787,
    127.98712749214842,
    127.98712749214842,
    127.98712749214842,
    127.98712749214842,
    127.98712749214842,
    127.98712749214842,
    179.62291331328254,
    179.62291331328254,
    59.456563353193246,
    59.456563353193246,
    59.456563353193246,
    56.41037172889637,
    56.41037172889637,
    94.07952579556171,
    94.07952579556171,
    94.07952579556171,
    94.07952579556171,
    138.8179257147871,
    138.8179257147871,
    88.38591502603349,
    88.38591502603349,
    88.38591502603349,
    61.877879324907326,
    61.877879324907326,
    63.20940454239959,
    63.20940454239959,
    63.20940454239959,
    100.30526724496369,
    1.9305503504400512,
    1.9305503504400512,
    1.9305503504400512,
    49.447534488623546,
    49.447534488623546,
    50.299515387159175,
    50.299515387159175,
    50.299515387159175,
    50.299515387159175,
    50.299515387159175,
    50.299515387159175,
    50.299515387159175,
    50.299515387159175,
    219.26740336758093,
    2.8273872430331894,
    2.8273872430331894,
    2.8273872430331894,
    95.24565813784052,
    95.24565813784052,
    48.57049290510027,
    48.57049290510027,
    48.57049290510027,
    44.01810450352449,
    44.01810450352449,
    44.01810450352449,
    72.74100626872466,
    72.74100626872466,
    72.74100626872466,
    12.147928609980443,
    12.147928609980443,
    12.147928609980443,
    42.934128196003535,
    42.934128196003535,
    42.934128196003535,
    43.16555592188526,
    43.16555592188526,
    43.16555592188526,
    71.36148042824082,
    71.36148042824082,
    71.36148042824082,
    71.36148042824082,
    71.36148042824082,
    71.36148042824082,
    71.36148042824082,
    158.83582429874235,
    158.83582429874235,
    158.83582429874235,
    158.83582429874235,
    158.83582429874235,
    158.83582429874235,
    158.83582429874235,
    158.83582429874235,
    158.83582429874235,
    158.83582429874235,
    158.83582429874235,
    65.98675176925252,
    65.98675176925252,
    65.98675176925252,
    14.516484764730635,
    14.516484764730635,
    14.516484764730635,
    14.516484764730635,
    14.516484764730635,
    14.516484764730635,
    14.516484764730635,
    14.516484764730635,
    14.516484764730635,
    14.516484764730635,
    14.516484764730635,
    14.516484764730635,
    14.516484764730635,
    14.516484764730635,
    14.516484764730635,
    14.516484764730635,
    14.516484764730635,
    14.516484764730635,
    14.516484764730635,
    14.516484764730635,
    14.516484764730635,
    14.516484764730635,
    14.516484764730635,
    14.516484764730635,
    14.516484764730635,
    14.516484764730635,
    14.516484764730635,
    14.516484764730635,
    14.516484764730635,
    14.516484764730635,
    14.516484764730635,
    14.516484764730635,
    14.516484764730635,
    14.516484764730635,
    14.516484764730635,
    14.516484764730635,
    14.516484764730635,
    14.516484764730635,
    14.516484764730635,
    14.516484764730635,
    14.516484764730635,
    14.516484764730635,
    14.516484764730635,
    14.516484764730635,
    14.516484764730635,
    14.516484764730635,
    20.67266322618626,
    20.67266322618626,
    20.67266322618626,
    20.67266322618626,
    20.67266322618626,
    20.67266322618626,
    20.67266322618626,
    20.67266322618626,
