{
  "mode": 1,
  "startTime": 1635647200048,
  "recordedSeconds": 1050,
  "delayFrameIdx": 118,
  "pDelayFrameIdx": 118,
  "isAutopilot": true,
  "showDoppel": true,
  "blackoutLeft": false,
  "blackoutRight": false,
  "preset_idx": 2,
  "preset_currentDelayFrameIdx": 120,
  "manual_TH": 6000,
  "speed_jointDist": 0.08556968761648755,
  "speed_mappedFrames": [
    10.128962419628222,
    10.128962419628222,
    10.128962419628222,
    10.128962419628222,
    40.15196050720802,
    40.15196050720802,
    40.15196050720802,
    40.15196050720802,
    40.15196050720802,
    40.15196050720802,
    40.15196050720802,
    40.15196050720802,
    40.15196050720802,
    40.15196050720802,
    40.15196050720802,
    40.15196050720802,
    40.15196050720802,
    40.15196050720802,
    40.15196050720802,
    40.15196050720802,
    40.15196050720802,
    40.15196050720802,
    40.15196050720802,
    40.15196050720802,
    40.15196050720802,
    40.15196050720802,
    40.15196050720802,
    40.15196050720802,
    40.15196050720802,
    40.15196050720802,
    40.15196050720802,
    40.15196050720802,
    40.15196050720802,
    40.15196050720802,
    40.15196050720802,
    40.15196050720802,
    40.15196050720802,
    40.15196050720802,
    40.15196050720802,
    40.15196050720802,
    40.15196050720802,
    40.15196050720802,
    40.15196050720802,
    40.15196050720802,
    40.15196050720802,
    40.15196050720802,
    40.15196050720802,
    40.15196050720802,
    899,
    899,
    899,
    899,
    899,
    899,
    899,
    899,
    69.37535611082907,
    69.37535611082907,
    18.498291282124747,
    18.498291282124747,
    18.498291282124747,
    18.498291282124747,
    18.498291282124747,
    18.498291282124747,
    18.498291282124747,
    18.498291282124747,
    18.498291282124747,
    18.498291282124747,
    18.498291282124747,
    18.498291282124747,
    18.498291282124747,
    18.498291282124747,
    18.498291282124747,
    18.498291282124747,
    18.498291282124747,
    18.498291282124747,
    18.498291282124747,
    18.498291282124747,
    18.498291282124747,
    18.498291282124747,
    18.498291282124747,
    18.498291282124747,
    18.498291282124747,
    18.498291282124747,
    18.498291282124747,
    18.498291282124747,
    18.498291282124747,
    18.498291282124747,
    18.498291282124747,
    18.498291282124747,
    18.498291282124747,
    18.498291282124747,
    18.498291282124747,
    18.498291282124747,
    18.498291282124747,
    18.498291282124747,
    18.498291282124747,
    18.498291282124747,
    18.498291282124747,
    18.498291282124747,
    18.498291282124747,
    18.498291282124747,
    18.498291282124747,
    18.498291282124747,
    18.498291282124747,
    18.498291282124747,
    18.498291282124747,
    18.498291282124747,
    18.498291282124747,
    18.498291282124747,
    18.498291282124747,
    18.498291282124747,
    18.498291282124747,
    18.498291282124747,
    18.498291282124747,
    18.498291282124747,
    18.498291282124747,
    18.498291282124747,
    18.498291282124747,
    18.498291282124747,
    18.498291282124747,
    18.498291282124747,
    18.498291282124747,
    18.498291282124747,
    18.498291282124747,
    18.498291282124747,
    18.498291282124747,
    18.498291282124747,
    18.498291282124747,
    18.498291282124747,
    18.498291282124747,
    18.498291282124747,
    18.498291282124747,
    18.498291282124747,
    18.498291282124747,
    18.498291282124747,
    18.498291282124747,
    18.498291282124747,
    18.498291282124747,
    18.498291282124747,
    18.498291282124747,
    18.498291282124747,
    18.498291282124747,
    18.498291282124747,
    18.498291282124747,
    18.498291282124747,
    18.498291282124747,
    18.498291282124747,
    18.498291282124747,
    18.498291282124747,
    18.498291282124747,
    18.498291282124747,
    18.498291282124747,
    18.498291282124747,
    18.498291282124747,
    18.498291282124747,
    18.498291282124747,
    18.498291282124747,
    18.498291282124747,
    18.498291282124747,
    18.498291282124747,
    18.498291282124747,
    18.498291282124747,
    18.498291282124747,
    18.498291282124747,
    18.498291282124747,
    18.498291282124747,
    18.498291282124747,
    18.498291282124747,
    18.498291282124747,
    18.498291282124747,
    18.498291282124747,
    18.498291282124747,
    18.498291282124747,
    18.498291282124747,
    18.498291282124747,
    18.498291282124747,
    18.498291282124747,
    18.498291282124747,
    18.498291282124747,
    18.498291282124747,
    18.498291282124747,
    18.498291282124747,
    18.498291282124747,
    18.498291282124747,
    18.498291282124747,
    18.498291282124747,
    18.498291282124747,
    18.498291282124747,
    18.498291282124747,
    18.498291282124747,
    18.498291282124747,
    18.498291282124747,
    18.498291282124747,
    18.498291282124747,
    18.498291282124747,
    18.498291282124747,
    18.498291282124747,
    18.498291282124747,
    18.498291282124747,
    18.498291282124747,
    18.498291282124747,
    18.498291282124747,
    18.498291282124747,
    18.498291282124747,
    18.498291282124747,
    18.498291282124747,
    18.498291282124747,
    18.498291282124747,
    18.498291282124747,
    18.498291282124747,
    18.498291282124747,
    18.498291282124747,
    18.498291282124747,
    18.498291282124747,
    18.498291282124747,
    18.498291282124747,
    18.498291282124747,
    18.498291282124747,
    18.498291282124747,
    18.498291282124747,
    18.498291282124747,
    18.498291282124747,
    18.498291282124747,
    18.498291282124747,
    18.498291282124747,
    18.498291282124747,
    18.498291282124747,
    18.498291282124747,
    18.498291282124747,
    18.498291282124747,
    18.498291282124747,
    18.498291282124747,
    18.498291282124747,
    18.498291282124747,
    18.498291282124747,
    18.498291282124747,
    18.498291282124747,
    18.498291282124747,
    899,
    899,
    899,
    899,
    899,
    899,
    899,
    899,
    899,
    899,
    899,
    899,
    899,
    899,
    196.5853516143617,
    196.5853516143617,
    196.5853516143617,
    196.5853516143617,
    196.5853516143617,
    41.73762070986386,
    41.73762070986386,
    41.73762070986386,
    41.73762070986386,
    41.73762070986386,
    41.73762070986386,
    41.73762070986386,
    41.73762070986386,
    41.73762070986386,
    41.73762070986386,
    129.2299179360331,
    129.2299179360331,
    129.2299179360331,
    23.225139515274464,
    23.225139515274464,
    23.225139515274464,
    23.225139515274464,
    27.879070553400265,
    27.879070553400265,
    55.13083155575628,
    55.13083155575628,
    21.63596410004222,
    21.63596410004222,
    21.63596410004222,
    15.797220214015264,
    15.797220214015264,
    15.797220214015264,
    41.87251499277751,
    41.87251499277751,
    41.87251499277751,
    3.1033623491520865,
    3.1033623491520865,
    3.1033623491520865,
    3.1033623491520865,
    3.1033623491520865,
    56.070001532335056,
    56.070001532335056,
    56.070001532335056,
    79.33450156657655,
    79.33450156657655,
    127.16731446880303,
    127.16731446880303,
    127.16731446880303,
    137.3325871385493,
    137.3325871385493,
    137.3325871385493,
    280.0106167598427,
    280.0106167598427,
    66.21921881033131,
    66.21921881033131,
    66.21921881033131,
    66.21921881033131,
    66.21921881033131,
    66.21921881033131,
    66.21921881033131,
    66.21921881033131,
    66.21921881033131,
    66.21921881033131,
    66.21921881033131,
    66.21921881033131,
    66.21921881033131,
    66.21921881033131,
    66.21921881033131,
    66.21921881033131,
    66.21921881033131,
    66.21921881033131,
    66.21921881033131,
    66.21921881033131,
    66.21921881033131,
    66.21921881033131,
    66.21921881033131,
    66.21921881033131,
    66.21921881033131,
    66.21921881033131,
    66.21921881033131,
    66.21921881033131,
    66.21921881033131,
    66.21921881033131,
