{
  "mode": 2,
  "startTime": 1635647200048,
  "recordedSeconds": 420,
  "delayFrameIdx": 73,
  "pDelayFrameIdx": 73,
  "isAutopilot": true,
  "showDoppel": true,
  "blackoutLeft": false,
  "blackoutRight": false,
  "preset_idx": 1,
  "preset_currentDelayFrameIdx": 0,
  "manual_TH": 6000,
  "speed_jointDist": 0.122231286382329,
  "speed_mappedFrames": [
    5.628453280031727,
    5.628453280031727,
    3.6336440058441175,
    3.6336440058441175,
    3.6336440058441175,
    3.6336440058441175,
    7.484156062433852,
    7.484156062433852,
    7.484156062433852,
    25.554356184600657,
    25.554356184600657,
    25.554356184600657,
    8.939263920899212,
    8.939263920899212,
    8.939263920899212,
    7.459526969040228,
    7.459526969040228,
    7.459526969040228,
    9.23021260788133,
    9.23021260788133,
    9.23021260788133,
    11.970515600609456,
    11.970515600609456,
    11.970515600609456,
    10.7286369999931,
    5.56284183188799,
    5.56284183188799,
    5.56284183188799,
    6.136833331716362,
    6.136833331716362,
    6.136833331716362,
    4.025109992628063,
    4.025109992628063,
    4.025109992628063,
    1.1328794364798784,
    1.1328794364798784,
    1.1328794364798784,
    2.9458569152184024,
    2.9458569152184024,
    2.9458569152184024,
    1.6258460099954612,
    1.6258460099954612,
    1.6258460099954612,
    0.7380887896384037,
    0.7380887896384037,
    0.8944018750803224,
    0.8944018750803224,
    0.8944018750803224,
    0.8944018750803224,
    0.8368120331753252,
    0.8368120331753252,
    0.8368120331753252,
    0.8368120331753252,
    4.02079522031852,
    4.02079522031852,
    4.02079522031852,
    4.02079522031852,
    4.02079522031852,
    1.5824983285965455,
    1.5824983285965455,
    14.794111280292626,
    14.56788670982219,
    14.56788670982219,
    14.56788670982219,
    40.45285447285095,
    40.45285447285095,
    40.45285447285095,
    36.960181367138475,
    36.960181367138475,
    36.960181367138475,
    36.960181367138475,
    36.960181367138475,
    108.65080333940851,
    108.65080333940851,
    108.65080333940851,
    119.6630257266704,
    119.6630257266704,
    53.80045640066763,
    53.80045640066763,
    53.80045640066763,
    11.70623617070444,
    11.70623617070444,
    66.78529056934319,
    66.78529056934319,
    66.05847333250843,
    66.05847333250843,
    66.05847333250843,
    66.05847333250843,
    85.28069690460804,
    85.28069690460804,
    85.28069690460804,
    93.30099016984235,
    93.30099016984235,
    93.30099016984235,
    90.58679469713502,
    90.58679469713502,
    90.58679469713502,
    107.84722408290267,
    107.84722408290267,
    107.84722408290267,
    7.04950289817773,
    7.04950289817773,
    7.04950289817773,
    107.6313108411383,
    107.6313108411383,
    107.6313108411383,
    6.764739006715754,
    6.764739006715754,
    6.764739006715754,
    178.98475131933805,
    178.98475131933805,
    72.3547104207427,
    77.4458035982221,
    77.4458035982221,
    77.4458035982221,
    77.4458035982221,
    90.75263361860576,
    90.75263361860576,
    90.75263361860576,
    57.310398337289115,
    57.310398337289115,
    57.310398337289115,
    61.86848235511988,
    61.86848235511988,
    61.86848235511988,
    30.792987647800263,
    30.792987647800263,
    30.792987647800263,
    30.792987647800263,
    30.792987647800263,
    30.792987647800263,
    105.09228006759535,
    105.09228006759535,
    4.617245905649317,
    4.617245905649317,
    4.617245905649317,
    4.617245905649317,
    4.617245905649317,
    4.617245905649317,
    4.617245905649317,
    4.617245905649317,
    4.617245905649317,
    4.617245905649317,
    4.617245905649317,
    4.617245905649317,
    4.617245905649317,
    4.617245905649317,
    4.617245905649317,
    4.617245905649317,
    4.617245905649317,
    4.617245905649317,
    4.617245905649317,
    4.617245905649317,
    4.617245905649317,
    4.617245905649317,
    4.617245905649317,
    4.617245905649317,
    4.617245905649317,
    4.617245905649317,
    4.617245905649317,
    4.617245905649317,
    4.617245905649317,
    4.617245905649317,
    4.617245905649317,
    4.617245905649317,
    4.617245905649317,
    4.617245905649317,
    4.617245905649317,
    4.617245905649317,
    4.617245905649317,
    4.617245905649317,
    4.617245905649317,
    4.617245905649317,
    4.617245905649317,
    4.617245905649317,
    4.617245905649317,
    4.617245905649317,
    4.617245905649317,
    4.617245905649317,
    4.617245905649317,
    4.617245905649317,
    4.617245905649317,
    4.617245905649317,
    899,
    15.273203110700361,
    15.273203110700361,
    15.273203110700361,
    90.9694182852492,
    92.56376916823213,
    111.8507978673078,
    111.8507978673078,
    64.28664578215411,
    64.28664578215411,
    64.28664578215411,
    64.99759004783088,
    64.99759004783088,
    64.99759004783088,
    30.012158822868926,
    30.012158822868926,
    30.012158822868926,
    3.3396221240567527,
    3.3396221240567527,
    3.3396221240567527,
    21.0154159752311,
    21.0154159752311,
    21.0154159752311,
    4.880295890202076,
    4.880295890202076,
    4.880295890202076,
    4.880295890202076,
    33.44607897717012,
    35.73110144771272,
    35.73110144771272,
    35.73110144771272,
    2.7206932029337234,
    2.7206932029337234,
    2.7206932029337234,
    2.7206932029337234,
    35.05106983496585,
    13.576813558474479,
    13.576813558474479,
    13.576813558474479,
    1.5694801608721487,
    1.5694801608721487,
    1.5694801608721487,
    16.870111294746216,
    16.870111294746216,
    19.194727630648373,
    19.194727630648373,
    19.194727630648373,
    5.799985445536027,
    5.799985445536027,
    5.799985445536027,
    20.20798342661007,
    20.20798342661007,
    20.20798342661007,
    2.472601095275252,
    2.472601095275252,
    2.472601095275252,
    33.89576724799105,
    33.89576724799105,
    33.89576724799105,
    33.89576724799105,
    1.087614152731278,
    1.087614152731278,
    1.087614152731278,
    3.683209462924292,
    3.683209462924292,
    3.683209462924292,
    8.072873963244879,
    1.0178119513936008,
    1.0178119513936008,
    1.0178119513936008,
    1.0178119513936008,
    6.18678824736168,
    6.18678824736168,
    6.18678824736168,
    6.18678824736168,
    3.1978801150486933,
    3.1978801150486933,
    4.675506191835616,
    4.675506191835616,
    4.675506191835616,
    4.675506191835616,
    4.675506191835616,
    5.966076484103778,
    5.966076484103778,
    5.966076484103778,
    0.918893323410045,
    0.918893323410045,
    0.918893323410045,
    4.422900959492251,
    4.422900959492251,
    4.422900959492251,
    1.1754203377645782,
    1.1754203377645782,
    1.1754203377645782,
    12.634233717976112,
    12.634233717976112,
    12.634233717976112,
    63.15955704891183,
    63.15955704891183,
    63.15955704891183,
    63.15955704891183,
    2.141885184451835,
    2.141885184451835,
    2.141885184451835,
    76.22852622345862,
    76.22852622345862,
    76.22852622345862,
    83.40433923034766,
    86.93792015943475,
    86.93792015943475,
    86.93792015943475,
    86.93792015943475,
    156.03800707949281,
    156.03800707949281,
    156.03800707949281,
    12.169173758366277,
    12.169173758366277,
    12.169173758366277,
    174.0065216199176,
    174.0065216199176,
    174.0065216199176,
    181.58581764896928,
    181.58581764896928,
    181.58581764896928,
    165.5969627038725,
    165.5969627038725,
    165.5969627038725,
    1.0569876716021716,
    1.0569876716021716,
    1.0569876716021716,
    1.0569876716021716,
    1.0569876716021716,
    1.0569876716021716,
    1.0569876716021716,
    1.0569876716021716,
    469.46749449528613,
    469.46749449528613,
    75.60092743682675,
    75.60092743682675,
    75.60092743682675,
    75.60092743682675,
    75.60092743682675,
    75.60092743682675,
    75.60092743682675,
    75.60092743682675,
    75.60092743682675,
