{
  "mode": 2,
  "startTime": 1635647200048,
  "recordedSeconds": 750,
  "delayFrameIdx": 71,
  "pDelayFrameIdx": 71,
  "isAutopilot": true,
  "showDoppel": true,
  "blackoutLeft": false,
  "blackoutRight": false,
  "preset_idx": 2,
  "preset_currentDelayFrameIdx": 120,
  "manual_TH": 6000,
  "speed_jointDist": 0.15428200143029647,
  "speed_mappedFrames": [
    88.37685801333518,
    88.37685801333518,
    88.37685801333518,
    99.53528752507808,
    99.53528752507808,
    99.53528752507808,
    15.120260585182264,
    15.120260585182264,
    15.120260585182264,
    15.120260585182264,
    99.08194554063967,
    99.08194554063967,
    99.08194554063967,
    99.08194554063967,
    198.3672948674029,
    198.3672948674029,
    32.58171105573753,
    32.58171105573753,
    32.58171105573753,
    32.58171105573753,
    32.58171105573753,
    32.58171105573753,
    32.58171105573753,
    32.58171105573753,
    32.58171105573753,
    32.58171105573753,
    32.58171105573753,
    32.58171105573753,
    32.58171105573753,
    32.58171105573753,
    32.58171105573753,
    32.58171105573753,
    32.58171105573753,
    32.58171105573753,
    32.58171105573753,
    94.09264551595979,
    94.09264551595979,
    94.09264551595979,
    94.09264551595979,
    94.09264551595979,
    20.18110055414462,
    20.18110055414462,
    20.18110055414462,
    20.18110055414462,
    17.415765433673375,
    17.415765433673375,
    17.810664078160926,
    17.810664078160926,
    17.810664078160926,
    1.3813114506143636,
    1.3813114506143636,
    6.70668343990679,
    6.70668343990679,
    2.05489524164463,
    2.05489524164463,
    2.05489524164463,
    0.4901698406519198,
    0.4901698406519198,
    0.4901698406519198,
    0.4901698406519198,
    2.394303274518796,
    2.394303274518796,
    2.0545416744430844,
    2.0545416744430844,
    2.0545416744430844,
    2.0545416744430844,
    2.0545416744430844,
    4.564209086247515,
    4.564209086247515,
    4.564209086247515,
    4.564209086247515,
    4.408774365717984,
    4.408774365717984,
    4.408774365717984,
    2.526536625192768,
    2.526536625192768,
    2.526536625192768,
    2.526536625192768,
    2.526536625192768,
    2.526536625192768,
    2.526536625192768,
    2.526536625192768,
    2.526536625192768,
    2.526536625192768,
    2.526536625192768,
    14.59212608735322,
    14.59212608735322,
    5.5327780213473545,
    5.5327780213473545,
    1.7153364061661383,
    0.17599962239986416,
    0.17599962239986416,
    0.5803920323963783,
    0.5803920323963783,
    0.5803920323963783,
    0.8559436383452977,
    0.8559436383452977,
    2.376661752541765,
    2.376661752541765,
    2.376661752541765,
    1.240249270355378,
    1.240249270355378,
    1.240249270355378,
    0.3478619404722113,
    0.3478619404722113,
    0.3478619404722113,
    0.3478619404722113,
    1.4618731916684704,
    1.4618731916684704,
    1.4618731916684704,
    7.7883467500794685,
    7.7883467500794685,
    7.7883467500794685,
    7.7883467500794685,
    7.7883467500794685,
    7.7883467500794685,
    7.7883467500794685,
    7.7883467500794685,
    7.7883467500794685,
    7.7883467500794685,
    7.7883467500794685,
    7.7883467500794685,
    7.7883467500794685,
    7.7883467500794685,
    7.7883467500794685,
    7.7883467500794685,
    7.7883467500794685,
    7.7883467500794685,
    7.7883467500794685,
    29.791052552880178,
    29.791052552880178,
    0.9491649870343759,
    0.9491649870343759,
    0.9491649870343759,
    4.564823618752607,
    4.564823618752607,
    15.120474603373436,
    15.120474603373436,
    15.120474603373436,
    15.120474603373436,
    15.120474603373436,
    15.120474603373436,
    127.64794843886042,
    127.64794843886042,
    60.74373564367792,
    93.47902947413156,
    93.47902947413156,
    119.00294287398468,
    119.00294287398468,
    119.00294287398468,
    116.19005242969335,
    116.19005242969335,
    116.19005242969335,
    116.19005242969335,
    116.19005242969335,
    327.2396122269547,
    327.2396122269547,
    4.6915994908356895,
    4.6915994908356895,
    4.6915994908356895,
    138.46060038479843,
    145.1166268899978,
    145.1166268899978,
    145.1166268899978,
    145.1166268899978,
    25.268966999136254,
    25.268966999136254,
    25.268966999136254,
    101.01604555618393,
    101.01604555618393,
    101.01604555618393,
    41.00133851141098,
    41.00133851141098,
    41.00133851141098,
    41.00133851141098,
    41.00133851141098,
    41.00133851141098,
    41.00133851141098,
    41.00133851141098,
    41.00133851141098,
    41.00133851141098,
    41.00133851141098,
    41.00133851141098,
    41.00133851141098,
    41.00133851141098,
    41.00133851141098,
    41.00133851141098,
    41.00133851141098,
    41.00133851141098,
    41.00133851141098,
    41.00133851141098,
    41.00133851141098,
    41.00133851141098,
    41.00133851141098,
    41.00133851141098,
    41.00133851141098,
    41.00133851141098,
    41.00133851141098,
    41.00133851141098,
    41.00133851141098,
    41.00133851141098,
    41.00133851141098,
    41.00133851141098,
    41.00133851141098,
    41.00133851141098,
    41.00133851141098,
    41.00133851141098,
    41.00133851141098,
    41.00133851141098,
    41.00133851141098,
    41.00133851141098,
    41.00133851141098,
    41.00133851141098,
    41.00133851141098,
    41.00133851141098,
    41.00133851141098,
    41.00133851141098,
    41.00133851141098,
    41.00133851141098,
    41.00133851141098,
    41.00133851141098,
    41.00133851141098,
    41.00133851141098,
    41.00133851141098,
    41.00133851141098,
    41.00133851141098,
    41.00133851141098,
    41.00133851141098,
    41.00133851141098,
    41.00133851141098,
    41.00133851141098,
    41.00133851141098,
    41.00133851141098,
    41.00133851141098,
    41.00133851141098,
    41.00133851141098,
    899,
    899,
    899,
    899,
    899,
    17.84264464097974,
    17.84264464097974,
    17.84264464097974,
    17.84264464097974,
    17.84264464097974,
    17.84264464097974,
    17.84264464097974,
    17.84264464097974,
    17.84264464097974,
    17.84264464097974,
    17.84264464097974,
    17.84264464097974,
    17.84264464097974,
    17.84264464097974,
    17.84264464097974,
    17.84264464097974,
    17.84264464097974,
    17.84264464097974,
    17.84264464097974,
    17.84264464097974,
    17.84264464097974,
    17.84264464097974,
    17.84264464097974,
    17.84264464097974,
    87.622567467296,
    87.622567467296,
    87.622567467296,
    87.622567467296,
    87.622567467296,
    87.622567467296,
    12.686424093554454,
    12.686424093554454,
    12.686424093554454,
    1.968495432632148,
    1.968495432632148,
    1.968495432632148,
    14.909238668449198,
    14.909238668449198,
    14.909238668449198,
    14.909238668449198,
    14.909238668449198,
    14.909238668449198,
    14.141712410553462,
    14.141712410553462,
    14.141712410553462,
    14.141712410553462,
    14.141712410553462,
    14.141712410553462,
    6.951380316419235,
    6.951380316419235,
    6.951380316419235,
    6.951380316419235,
    6.951380316419235,
    6.951380316419235,
    6.951380316419235,
    6.951380316419235,
    6.951380316419235,
    6.951380316419235,
    6.951380316419235,
    6.951380316419235,
    6.951380316419235,
    6.951380316419235,
    6.951380316419235,
    6.951380316419235,
    6.951380316419235,
    6.951380316419235,
    6.951380316419235,
    6.951380316419235,
    6.951380316419235,
    6.951380316419235,
    48.15283852508347,
    48.15283852508347,
    48.15283852508347,
    48.15283852508347,
    48.15283852508347,
    48.15283852508347,
    48.15283852508347,
    48.15283852508347,
    48.15283852508347,
    50.99342470718945,
    50.99342470718945,
    50.99342470718945,
    50.99342470718945,
    50.99342470718945,
    50.99342470718945,
    50.99342470718945,
    50.99342470718945,
    227.672559149238,
    227.672559149238,
    227.672559149238,
