{
  "mode": 2,
  "startTime": 1635647200048,
  "recordedSeconds": 1080,
  "delayFrameIdx": 85,
  "pDelayFrameIdx": 85,
  "isAutopilot": true,
  "showDoppel": true,
  "blackoutLeft": false,
  "blackoutRight": true,
  "preset_idx": 2,
  "preset_currentDelayFrameIdx": 120,
  "manual_TH": 6000,
  "speed_jointDist": 0.012258008778271231,
  "speed_mappedFrames": [
    96.18656182261229,
    96.18656182261229,
    96.64064763538802,
    96.64064763538802,
    96.64064763538802,
    96.64064763538802,
    96.64064763538802,
    96.64064763538802,
    96.64064763538802,
    96.64064763538802,
    96.64064763538802,
    96.64064763538802,
    96.64064763538802,
    96.64064763538802,
    96.64064763538802,
    96.64064763538802,
    96.64064763538802,
    96.64064763538802,
    96.64064763538802,
    96.64064763538802,
    96.64064763538802,
    96.64064763538802,
    96.64064763538802,
    96.64064763538802,
    96.64064763538802,
    96.64064763538802,
    96.64064763538802,
    96.64064763538802,
    96.64064763538802,
    96.64064763538802,
    96.64064763538802,
    96.64064763538802,
    96.64064763538802,
    96.64064763538802,
    96.64064763538802,
    96.64064763538802,
    96.64064763538802,
    96.64064763538802,
    96.64064763538802,
    96.64064763538802,
    96.64064763538802,
    96.64064763538802,
    96.64064763538802,
    96.64064763538802,
    96.64064763538802,
    96.64064763538802,
    96.64064763538802,
    96.64064763538802,
    96.64064763538802,
    96.64064763538802,
    96.64064763538802,
    96.64064763538802,
    96.64064763538802,
    96.64064763538802,
    96.64064763538802,
    96.64064763538802,
    96.64064763538802,
    96.64064763538802,
    96.64064763538802,
    96.64064763538802,
    96.64064763538802,
    96.64064763538802,
    96.64064763538802,
    96.64064763538802,
    96.64064763538802,
    96.64064763538802,
    96.64064763538802,
    96.64064763538802,
    96.64064763538802,
    96.64064763538802,
    96.64064763538802,
    96.64064763538802,
    96.64064763538802,
    96.64064763538802,
    96.64064763538802,
    96.64064763538802,
    96.64064763538802,
    96.64064763538802,
    96.64064763538802,
    96.64064763538802,
    96.64064763538802,
    96.64064763538802,
    96.64064763538802,
    96.64064763538802,
    96.64064763538802,
    96.64064763538802,
    96.64064763538802,
    96.64064763538802,
    96.64064763538802,
    96.64064763538802,
    96.64064763538802,
    96.64064763538802,
    96.64064763538802,
    671.5423746847595,
    671.5423746847595,
    671.5423746847595,
    153.83040687734683,
    153.83040687734683,
    153.83040687734683,
    153.83040687734683,
    153.83040687734683,
    201.63488929324816,
    201.63488929324816,
    201.63488929324816,
    201.63488929324816,
    201.63488929324816,
    201.63488929324816,
    201.63488929324816,
    201.63488929324816,
    201.63488929324816,
    484.5491990846384,
    484.5491990846384,
    484.5491990846384,
    484.5491990846384,
    484.5491990846384,
    484.5491990846384,
    484.5491990846384,
    484.5491990846384,
    507.16440647997445,
    507.16440647997445,
    151.0958626773938,
    151.0958626773938,
    151.0958626773938,
    359.29043170502166,
    359.29043170502166,
    359.29043170502166,
    359.29043170502166,
    23.03157597620038,
    23.03157597620038,
    23.03157597620038,
    23.03157597620038,
    23.03157597620038,
    23.03157597620038,
    23.03157597620038,
    472.9220949901806,
    472.9220949901806,
    72.56315306361113,
    72.56315306361113,
    72.56315306361113,
    72.56284937365463,
    72.56284937365463,
    72.56284937365463,
    61.126691023746226,
    61.126691023746226,
    61.126691023746226,
    61.126691023746226,
    61.126691023746226,
    61.126691023746226,
    61.126691023746226,
    111.2761394562245,
    111.2761394562245,
    111.2761394562245,
    57.54010768166425,
    57.54010768166425,
    31.574358317912818,
    31.574358317912818,
    31.574358317912818,
    8.909650346524543,
    8.909650346524543,
    16.849739881109823,
    16.849739881109823,
    16.849739881109823,
    17.240737287801423,
    17.240737287801423,
    17.240737287801423,
    8.715215161749956,
    8.715215161749956,
    8.715215161749956,
    17.049999060020625,
    17.049999060020625,
    17.049999060020625,
    17.049999060020625,
    12.862194860682049,
    12.862194860682049,
    12.862194860682049,
    8.865799710701372,
    8.865799710701372,
    8.865799710701372,
    9.77310992879242,
    9.77310992879242,
    9.77310992879242,
    4.853437071402776,
    4.853437071402776,
    4.72705991677074,
    4.72705991677074,
    4.72705991677074,
    4.247554405353724,
    4.247554405353724,
    4.247554405353724,
    6.3623527290696344,
    10.466060725880848,
    10.466060725880848,
    10.466060725880848,
    4.47196142736195,
    4.47196142736195,
    4.47196142736195,
    6.298811588178392,
    6.298811588178392,
    6.298811588178392,
    2.9043066495663146,
    2.9043066495663146,
    2.9043066495663146,
    1.481356032062083,
    1.481356032062083,
    1.481356032062083,
    1.481356032062083,
    3.5128808681643107,
    3.5128808681643107,
    3.5128808681643107,
    1.8544759479369153,
    1.8544759479369153,
    1.8544759479369153,
    7.634143338771566,
    7.634143338771566,
    7.634143338771566,
    3.6990544857989214,
    3.6990544857989214,
    3.6990544857989214,
    3.6990544857989214,
    3.525409181014896,
    3.525409181014896,
    3.525409181014896,
    3.2281822495142865,
    3.2281822495142865,
    3.2281822495142865,
    3.84029985935352,
    3.84029985935352,
    3.84029985935352,
    17.156187312693596,
    17.156187312693596,
    17.156187312693596,
    2.1582092609780164,
    2.1582092609780164,
    2.1582092609780164,
    2.1582092609780164,
    14.579672935362856,
    14.579672935362856,
    14.579672935362856,
    14.579672935362856,
    14.579672935362856,
    14.579672935362856,
    66.96869326786202,
    66.96869326786202,
    66.96869326786202,
    49.44408303087397,
    49.44408303087397,
    24.581578677644327,
    24.581578677644327,
    24.581578677644327,
    4.163903711522998,
    4.163903711522998,
    4.163903711522998,
    61.0497279334235,
    61.0497279334235,
    61.0497279334235,
    61.0497279334235,
    66.662091793815,
    23.324775654476273,
    23.324775654476273,
    23.324775654476273,
    23.324775654476273,
    23.324775654476273,
    23.324775654476273,
    23.324775654476273,
    106.4504005585229,
    106.4504005585229,
    106.4504005585229,
    34.013014144287595,
    34.013014144287595,
    34.013014144287595,
    34.013014144287595,
    34.013014144287595,
    38.426192751331584,
    38.426192751331584,
    38.426192751331584,
    38.426192751331584,
    38.426192751331584,
    38.426192751331584,
    38.426192751331584,
    38.426192751331584,
    38.426192751331584,
    38.426192751331584,
    38.426192751331584,
    38.426192751331584,
    38.426192751331584,
    38.426192751331584,
    38.9509353495331,
    38.9509353495331,
    38.9509353495331,
    38.9509353495331,
    38.9509353495331,
    124.96442732574133,
    49.057300727621744,
    49.057300727621744,
    49.057300727621744,
    33.14618452062731,
    37.05787569055306,
    19.432110812788764,
    19.432110812788764,
    19.432110812788764,
    41.89630491882295,
    41.89630491882295,
    52.03189680110033,
    52.03189680110033,
    21.718667273368883,
    76.89111972989899,
    76.89111972989899,
    76.89111972989899,
    76.89111972989899,
    28.24806378151849,
    28.24806378151849,
    28.24806378151849,
    28.24806378151849,
    28.24806378151849,
    28.24806378151849,
    28.24806378151849,
    28.24806378151849,
    28.24806378151849,
    294.7858248448592,
    294.7858248448592,
    294.7858248448592,
    294.7858248448592,
    294.7858248448592,
    294.7858248448592,
    294.7858248448592,
    294.7858248448592,
    294.7858248448592,
    294.7858248448592,
