{
  "mode": 2,
  "startTime": 1635647200048,
  "recordedSeconds": 930,
  "delayFrameIdx": 152,
  "pDelayFrameIdx": 152,
  "isAutopilot": true,
  "showDoppel": true,
  "blackoutLeft": false,
  "blackoutRight": false,
  "preset_idx": 2,
  "preset_currentDelayFrameIdx": 120,
  "manual_TH": 6000,
  "speed_jointDist": 1.0395615013248587,
  "speed_mappedFrames": [
    94.42537113790316,
    94.42537113790316,
    70.21118218509145,
    70.21118218509145,
    70.21118218509145,
    85.21496258234674,
    85.21496258234674,
    85.21496258234674,
    5.449814082047133,
    5.449814082047133,
    5.449814082047133,
    4.54055843544071,
    4.54055843544071,
    4.54055843544071,
    4.54055843544071,
    8.094401524212916,
    8.094401524212916,
    8.094401524212916,
    5.456523014360709,
    5.456523014360709,
    5.456523014360709,
    4.065286805352251,
    4.065286805352251,
    4.065286805352251,
    7.903601003888815,
    7.903601003888815,
    7.903601003888815,
    5.928592115578212,
    5.928592115578212,
    5.928592115578212,
    5.928592115578212,
    5.928592115578212,
    5.928592115578212,
    5.928592115578212,
    5.928592115578212,
    5.928592115578212,
    5.928592115578212,
    5.928592115578212,
    33.62972227292128,
    33.62972227292128,
    8.871151447091094,
    8.871151447091094,
    8.871151447091094,
    38.01488886530224,
    4.459639710592134,
    4.459639710592134,
    4.459639710592134,
    4.459639710592134,
    34.56100582238987,
    34.56100582238987,
    34.56100582238987,
    47.297706598588235,
    47.297706598588235,
    47.297706598588235,
    75.60212319144236,
    75.60212319144236,
    75.60212319144236,
    80.18696100263278,
    80.18696100263278,
    80.18696100263278,
    56.81104531099424,
    97.95215963749787,
    97.95215963749787,
    97.95215963749787,
    97.95215963749787,
    68.6332181489976,
    11.537978118317003,
    11.537978118317003,
    11.537978118317003,
    36.03097219482019,
    36.03097219482019,
    36.03097219482019,
    36.03097219482019,
    115.12435951843338,
    115.12435951843338,
    115.12435951843338,
    30.06308209530859,
    30.06308209530859,
    30.06308209530859,
    81.73623757135066,
    81.73623757135066,
    81.73623757135066,
    5.118473705560494,
    5.118473705560494,
    5.118473705560494,
    114.25286509647376,
    114.25286509647376,
    114.25286509647376,
    1.866047047944915,
    1.866047047944915,
    1.866047047944915,
    1.866047047944915,
    1.866047047944915,
    181.5522672968827,
    181.5522672968827,
    181.5522672968827,
    74.31156953663356,
    74.31156953663356,
    25.217147836099812,
    25.217147836099812,
    25.217147836099812,
    16.03405470182315,
    16.03405470182315,
    16.03405470182315,
    16.03405470182315,
    16.03405470182315,
    41.10272214657162,
    41.10272214657162,
    41.10272214657162,
    41.10272214657162,
    41.10272214657162,
    41.10272214657162,
    41.10272214657162,
    41.10272214657162,
    41.10272214657162,
    96.6055495459299,
    96.6055495459299,
    96.6055495459299,
    96.6055495459299,
    96.6055495459299,
    96.6055495459299,
    96.6055495459299,
    96.6055495459299,
    85.66917719577008,
    85.66917719577008,
    85.66917719577008,
    30.93761820270342,
    30.93761820270342,
    16.883970782665536,
    16.883970782665536,
    34.37392864663666,
    34.37392864663666,
    34.37392864663666,
    57.45376132475994,
    57.45376132475994,
    57.45376132475994,
    57.45376132475994,
    57.45376132475994,
    57.45376132475994,
    91.25272820275684,
    91.25272820275684,
    26.833315463336614,
    26.833315463336614,
    26.833315463336614,
    11.06945756228772,
    11.06945756228772,
    11.06945756228772,
    73.35687400825306,
    73.35687400825306,
    73.35687400825306,
    87.70374299640731,
    87.70374299640731,
    87.70374299640731,
    35.91601240505715,
    35.91601240505715,
    35.91601240505715,
    35.91601240505715,
    60.518707035766155,
    60.518707035766155,
    60.518707035766155,
    64.45930432812598,
    64.45930432812598,
    64.45930432812598,
    64.45930432812598,
    35.25904214498117,
    35.25904214498117,
    75.31376966196805,
    75.31376966196805,
    75.31376966196805,
    75.31376966196805,
    75.31376966196805,
    75.31376966196805,
    75.31376966196805,
    75.31376966196805,
    75.31376966196805,
    75.31376966196805,
    75.31376966196805,
    75.31376966196805,
    75.31376966196805,
    409.4505324878342,
    409.4505324878342,
    409.4505324878342,
    107.2674008627442,
    107.2674008627442,
    107.2674008627442,
    107.2674008627442,
    107.2674008627442,
    107.2674008627442,
    107.2674008627442,
    107.2674008627442,
    107.2674008627442,
    107.2674008627442,
    107.2674008627442,
    107.2674008627442,
    107.2674008627442,
    107.2674008627442,
    107.2674008627442,
    107.2674008627442,
    107.2674008627442,
    107.2674008627442,
    107.2674008627442,
    107.2674008627442,
    107.2674008627442,
    857.2816210011528,
    857.2816210011528,
    57.01385269095013,
    57.01385269095013,
    57.01385269095013,
    69.6779557721139,
    69.6779557721139,
    69.6779557721139,
    160.8207584918565,
    160.8207584918565,
    160.8207584918565,
    160.8207584918565,
    160.8207584918565,
    160.8207584918565,
    160.8207584918565,
    160.8207584918565,
    160.8207584918565,
    160.8207584918565,
    160.8207584918565,
    160.8207584918565,
    160.8207584918565,
    160.8207584918565,
    160.8207584918565,
    160.8207584918565,
    160.8207584918565,
    160.8207584918565,
    160.8207584918565,
    160.8207584918565,
    160.8207584918565,
    160.8207584918565,
    160.8207584918565,
    160.8207584918565,
    160.8207584918565,
    160.8207584918565,
    160.8207584918565,
    160.8207584918565,
    160.8207584918565,
    160.8207584918565,
    160.8207584918565,
    160.8207584918565,
    160.8207584918565,
    160.8207584918565,
    160.8207584918565,
    160.8207584918565,
    160.8207584918565,
    160.8207584918565,
    160.8207584918565,
    160.8207584918565,
    160.8207584918565,
    160.8207584918565,
    160.8207584918565,
    160.8207584918565,
    160.8207584918565,
    160.8207584918565,
    160.8207584918565,
    160.8207584918565,
    160.8207584918565,
    160.8207584918565,
    160.8207584918565,
    160.8207584918565,
    160.8207584918565,
    160.8207584918565,
    160.8207584918565,
    160.8207584918565,
    704.0860830963876,
    704.0860830963876,
    704.0860830963876,
    704.0860830963876,
    704.0860830963876,
    704.0860830963876,
    704.0860830963876,
    704.0860830963876,
    704.0860830963876,
    704.0860830963876,
    704.0860830963876,
    704.0860830963876,
    704.0860830963876,
    704.0860830963876,
    704.0860830963876,
    704.0860830963876,
    704.0860830963876,
    704.0860830963876,
    704.0860830963876,
    704.0860830963876,
    12.85845220195014,
    12.85845220195014,
    12.85845220195014,
    12.85845220195014,
    12.85845220195014,
    12.85845220195014,
    12.85845220195014,
    12.85845220195014,
    12.85845220195014,
    12.85845220195014,
    12.85845220195014,
    12.85845220195014,
    12.85845220195014,
    12.85845220195014,
    12.85845220195014,
    12.85845220195014,
    12.85845220195014,
    4.763043592712191,
    4.763043592712191,
    4.763043592712191,
    21.236606164541477,
    21.236606164541477,
    8.356108924216693,
    8.356108924216693,
    8.356108924216693,
    8.356108924216693,
    50.03920884418455,
    50.03920884418455,
    50.03920884418455,
    50.03920884418455,
    57.58251372820858,
    3.749552368192104,
    3.749552368192104,
    3.749552368192104,
    3.749552368192104,
    3.749552368192104,
    3.749552368192104,
    3.749552368192104,
    3.749552368192104,
    51.37209985906047,
    51.37209985906047,
    51.37209985906047,
    51.37209985906047,
    51.37209985906047,
