{
  "mode": 2,
  "startTime": 1635647200048,
  "recordedSeconds": 960,
  "delayFrameIdx": 119,
  "pDelayFrameIdx": 119,
  "isAutopilot": true,
  "showDoppel": true,
  "blackoutLeft": false,
  "blackoutRight": false,
  "preset_idx": 2,
  "preset_currentDelayFrameIdx": 120,
  "manual_TH": 6000,
  "speed_jointDist": 0.008451444589215292,
  "speed_mappedFrames": [
    129.2386045212177,
    74.28799340034523,
    74.28799340034523,
    105.51869421086803,
    105.51869421086803,
    105.51869421086803,
    105.51869421086803,
    105.51869421086803,
    243.0668277949713,
    144.043334037968,
    144.043334037968,
    144.043334037968,
    172.67453752077722,
    172.67453752077722,
    307.1568220596037,
    307.1568220596037,
    3.2292717247201614,
    3.2292717247201614,
    3.2292717247201614,
    170.57262585495263,
    170.57262585495263,
    170.57262585495263,
    170.57262585495263,
    170.57262585495263,
    170.57262585495263,
    170.57262585495263,
    170.57262585495263,
    170.57262585495263,
    170.57262585495263,
    170.57262585495263,
    170.57262585495263,
    170.57262585495263,
    170.57262585495263,
    170.57262585495263,
    170.57262585495263,
    170.57262585495263,
    170.57262585495263,
    170.57262585495263,
    170.57262585495263,
    170.57262585495263,
    170.57262585495263,
    170.57262585495263,
    170.57262585495263,
    170.57262585495263,
    170.57262585495263,
    170.57262585495263,
    170.57262585495263,
    170.57262585495263,
    170.57262585495263,
    170.57262585495263,
    170.57262585495263,
    170.57262585495263,
    170.57262585495263,
    170.57262585495263,
    170.57262585495263,
    170.57262585495263,
    170.57262585495263,
    170.57262585495263,
    170.57262585495263,
    170.57262585495263,
    170.57262585495263,
    170.57262585495263,
    170.57262585495263,
    170.57262585495263,
    170.57262585495263,
    170.57262585495263,
    170.57262585495263,
    170.57262585495263,
    170.57262585495263,
    170.57262585495263,
    170.57262585495263,
    170.57262585495263,
    170.57262585495263,
    899,
    899,
    899,
    899,
    899,
    899,
    899,
    899,
    899,
    899,
    899,
    899,
    899,
    899,
    899,
    899,
    899,
    71.75258379618818,
    71.75258379618818,
    1.6263959175090243,
    1.6263959175090243,
    1.6263959175090243,
    8.106922295129586,
    8.106922295129586,
    8.106922295129586,
    6.608062595364592,
    6.608062595364592,
    6.608062595364592,
    2.797612496181296,
    2.797612496181296,
    2.797612496181296,
    1.8900334089133004,
    8.336166233008244,
    8.336166233008244,
    8.336166233008244,
    0.5355884398211173,
    0.5355884398211173,
    0.5355884398211173,
    0.5355884398211173,
    0.5355884398211173,
    0.5355884398211173,
    0.5355884398211173,
    0.5355884398211173,
    0.5355884398211173,
    20.75928285576891,
    20.75928285576891,
    7.496334150289796,
    7.496334150289796,
    7.496334150289796,
    7.496334150289796,
    7.496334150289796,
    7.496334150289796,
    7.496334150289796,
    7.496334150289796,
    7.401459949548993,
    7.401459949548993,
    2.2632258345737055,
    2.2632258345737055,
    2.2632258345737055,
    0.9679938290503777,
    5.94370413524514,
    5.94370413524514,
    5.94370413524514,
    4.8887550510949795,
    4.8887550510949795,
    4.8887550510949795,
    1.7810677503384802,
    6.138544326510214,
    6.138544326510214,
    6.138544326510214,
    32.974331001187664,
    32.974331001187664,
    32.974331001187664,
    32.974331001187664,
    40.54863682441584,
    40.54863682441584,
    26.113877196358747,
    26.113877196358747,
    26.113877196358747,
    18.285287126147033,
    18.285287126147033,
    5.255390376175299,
    5.255390376175299,
    14.83462733011296,
    14.83462733011296,
    14.83462733011296,
    27.047296863986556,
    27.047296863986556,
    27.047296863986556,
    27.047296863986556,
    27.047296863986556,
    93.50217535269599,
    3.1262752795409057,
    3.1262752795409057,
    13.771688444620047,
    13.771688444620047,
    10.007296533005517,
    10.007296533005517,
    10.007296533005517,
    9.799505150028391,
    9.799505150028391,
    9.799505150028391,
    5.839912603307309,
    5.839912603307309,
    5.839912603307309,
    12.25660316052188,
    12.25660316052188,
    12.25660316052188,
    12.25660316052188,
    12.25660316052188,
    12.25660316052188,
    12.25660316052188,
    12.25660316052188,
    12.25660316052188,
    12.25660316052188,
    73.02373153072399,
    73.02373153072399,
    10.335540621760133,
    10.335540621760133,
    7.9850627977717945,
    7.9850627977717945,
    7.9850627977717945,
    7.9850627977717945,
    7.9850627977717945,
    7.9850627977717945,
    1.660885949114293,
    1.660885949114293,
    1.660885949114293,
    7.24502178401714,
    7.24502178401714,
    7.24502178401714,
    11.663052019820142,
    11.663052019820142,
    11.663052019820142,
    11.663052019820142,
    11.663052019820142,
    11.663052019820142,
    11.663052019820142,
    6.126580091087311,
    8.062582388428265,
    8.062582388428265,
    9.472051533112609,
    9.472051533112609,
    12.25376363709264,
    9.201258052655367,
    9.201258052655367,
    9.201258052655367,
    6.234048526155364,
    6.234048526155364,
    6.234048526155364,
    6.234048526155364,
    14.070003855384508,
    14.070003855384508,
    14.070003855384508,
    30.15517174030745,
    30.15517174030745,
    30.15517174030745,
    1.9979434452081546,
    1.9979434452081546,
    1.9979434452081546,
    1.8632102660236596,
    1.8632102660236596,
    1.8632102660236596,
    1.8632102660236596,
    1.8632102660236596,
    6.013665319661727,
    8.44971810357083,
    8.44971810357083,
    8.44971810357083,
    0.6993479177463969,
    0.6993479177463969,
    0.6993479177463969,
    0.6993479177463969,
    0.6993479177463969,
    0.6993479177463969,
    0.6993479177463969,
    10.776789405608563,
    10.776789405608563,
    10.776789405608563,
    10.776789405608563,
    10.580673428935055,
    10.580673428935055,
    10.580673428935055,
    10.580673428935055,
    14.634447413063834,
    5.11624214726333,
    5.11624214726333,
    9.706306009643102,
    9.706306009643102,
    4.898765955671511,
    4.898765955671511,
    4.898765955671511,
    6.286604158599933,
    6.286604158599933,
    6.286604158599933,
    13.153344661400391,
    13.153344661400391,
    13.153344661400391,
    24.730049596713375,
    24.730049596713375,
    24.730049596713375,
    31.05487314945989,
    31.05487314945989,
    3.991305558606118,
    3.991305558606118,
    3.991305558606118,
    3.991305558606118,
    3.991305558606118,
    39.66938889323393,
    39.66938889323393,
    39.66938889323393,
    39.66938889323393,
    31.287014478180048,
    31.287014478180048,
    31.287014478180048,
    31.287014478180048,
    31.287014478180048,
    31.287014478180048,
    31.287014478180048,
    31.287014478180048,
    31.287014478180048,
    31.287014478180048,
    31.287014478180048,
    31.287014478180048,
    31.287014478180048,
    31.287014478180048,
    31.287014478180048,
    31.287014478180048,
    31.287014478180048,
    31.287014478180048,
    31.287014478180048,
    31.287014478180048,
    31.287014478180048,
    31.287014478180048,
    31.287014478180048,
    31.287014478180048,
    31.287014478180048,
    31.287014478180048,
    31.287014478180048,
    31.287014478180048,
    31.287014478180048,
    31.287014478180048,
    31.287014478180048,
    31.287014478180048,
    31.287014478180048,
    31.287014478180048,
    31.287014478180048,
    31.287014478180048,
    31.287014478180048,
    31.287014478180048,
    31.287014478180048,
    31.287014478180048,
    31.287014478180048,
    31.287014478180048,
    31.287014478180048,
    31.287014478180048,
    899,
    899,
    899,
    899,
    899,
    899,
    899,
    899,
    135.67359205076733,
    135.67359205076733,
