{
  "mode": 1,
  "startTime": 1635647200048,
  "recordedSeconds": 990,
  "delayFrameIdx": 85,
  "pDelayFrameIdx": 85,
  "isAutopilot": true,
  "showDoppel": true,
  "blackoutLeft": false,
  "blackoutRight": false,
  "preset_idx": 2,
  "preset_currentDelayFrameIdx": 120,
  "manual_TH": 6000,
  "speed_jointDist": 0.13598590205474112,
  "speed_mappedFrames": [
    18.693181346951402,
    2.772383267136775,
    2.772383267136775,
    2.772383267136775,
    2.772383267136775,
    2.772383267136775,
    14.182217574521305,
    14.182217574521305,
    14.182217574521305,
    14.182217574521305,
    14.182217574521305,
    14.182217574521305,
    17.99927274826301,
    17.99927274826301,
    7.712726764540745,
    7.712726764540745,
    7.712726764540745,
    3.4169346792257564,
    9.054781307538844,
    9.054781307538844,
    9.054781307538844,
    18.362779175228752,
    18.362779175228752,
    18.362779175228752,
    5.134734722017031,
    5.134734722017031,
    5.134734722017031,
    5.134734722017031,
    23.248275828975956,
    23.248275828975956,
    23.248275828975956,
    23.248275828975956,
    42.41822440284156,
    42.41822440284156,
    42.41822440284156,
    66.77503059077125,
    66.77503059077125,
    66.77503059077125,
    66.77503059077125,
    66.77503059077125,
    66.77503059077125,
    39.401327709857746,
    147.04520588561354,
    147.04520588561354,
    32.819915904825905,
    35.479483189800504,
    35.479483189800504,
    15.788817114533895,
    15.788817114533895,
    15.788817114533895,
    15.788817114533895,
    15.788817114533895,
    169.88047469553982,
    169.88047469553982,
    48.27537881465631,
    48.27537881465631,
    48.27537881465631,
    5.635185729703241,
    5.635185729703241,
    49.15154052046432,
    41.87457033250765,
    41.87457033250765,
    41.87457033250765,
    41.87457033250765,
    41.87457033250765,
    41.87457033250765,
    41.87457033250765,
    41.87457033250765,
    172.60423465778865,
    172.60423465778865,
    172.60423465778865,
    172.60423465778865,
    74.36638526553604,
    74.36638526553604,
    54.989213718238545,
    54.989213718238545,
    54.989213718238545,
    74.71612590122619,
    74.71612590122619,
    43.348449253165434,
    43.348449253165434,
    43.348449253165434,
    43.348449253165434,
    43.348449253165434,
    43.348449253165434,
    43.348449253165434,
    43.348449253165434,
    235.26465516632584,
    235.26465516632584,
    235.26465516632584,
    59.406194151055566,
    59.406194151055566,
    24.284573853235393,
    6.890534867444851,
    6.890534867444851,
    6.890534867444851,
    32.14404956547832,
    32.14404956547832,
    0.9870674499717775,
    0.9870674499717775,
    0.9870674499717775,
    9.733589974793844,
    9.733589974793844,
    4.9471153461522235,
    4.9471153461522235,
    5.059252638943772,
    5.059252638943772,
    5.059252638943772,
    2.6754931776545128,
    2.6754931776545128,
    2.6754931776545128,
    10.680667906957705,
    10.680667906957705,
    10.680667906957705,
    22.021314941187644,
    22.021314941187644,
    22.021314941187644,
    2.375281449327484,
    2.375281449327484,
    2.375281449327484,
    8.09466878055906,
    8.09466878055906,
    8.09466878055906,
    8.09466878055906,
    7.697503667686671,
    7.697503667686671,
    7.697503667686671,
    7.697503667686671,
    7.697503667686671,
    7.697503667686671,
    7.697503667686671,
    7.697503667686671,
    7.697503667686671,
    7.697503667686671,
    7.697503667686671,
    7.697503667686671,
    120.00964402172296,
    120.00964402172296,
    120.00964402172296,
    120.00964402172296,
    120.00964402172296,
    120.00964402172296,
    120.00964402172296,
    120.00964402172296,
    16.020755156352447,
    16.020755156352447,
    19.598830430403204,
    19.598830430403204,
    19.598830430403204,
    21.64110212162514,
    25.55398916333548,
    25.55398916333548,
    25.55398916333548,
    25.55398916333548,
    38.86293375205073,
    38.86293375205073,
    38.86293375205073,
    38.86293375205073,
    41.90305008050239,
    41.90305008050239,
    19.924829637357476,
    19.924829637357476,
    19.924829637357476,
    48.22380943905924,
    48.22380943905924,
    48.22380943905924,
    48.22380943905924,
    48.22380943905924,
    96.16951189592078,
    96.16951189592078,
    96.16951189592078,
    96.16951189592078,
    96.16951189592078,
    96.16951189592078,
    96.16951189592078,
    96.16951189592078,
    96.16951189592078,
    96.16951189592078,
    275.6524049301187,
    275.6524049301187,
    275.6524049301187,
    28.612058451864158,
    20.813342122437227,
    20.813342122437227,
    20.813342122437227,
    20.813342122437227,
    20.813342122437227,
    20.813342122437227,
    20.813342122437227,
    20.813342122437227,
    20.813342122437227,
    20.813342122437227,
    20.813342122437227,
    20.813342122437227,
    20.813342122437227,
    20.813342122437227,
    187.85205397554512,
    187.85205397554512,
    18.240257887906942,
    18.240257887906942,
    18.240257887906942,
    11.896918970955902,
    11.896918970955902,
    11.896918970955902,
    53.85329210227892,
    53.85329210227892,
    53.85329210227892,
    58.11172474899097,
    58.11172474899097,
    58.11172474899097,
    58.11172474899097,
    58.11172474899097,
    74.320589400959,
    74.320589400959,
    19.81046366860159,
    19.81046366860159,
    19.81046366860159,
    31.907101842778097,
    31.907101842778097,
    31.907101842778097,
    31.907101842778097,
    31.907101842778097,
    31.907101842778097,
    31.907101842778097,
    31.907101842778097,
    31.907101842778097,
    542.9207326656914,
    542.9207326656914,
    143.43227464646927,
    143.43227464646927,
    143.43227464646927,
    143.43227464646927,
    143.43227464646927,
    143.43227464646927,
    143.43227464646927,
    143.43227464646927,
    143.43227464646927,
    143.43227464646927,
    143.43227464646927,
    143.43227464646927,
    143.43227464646927,
    143.43227464646927,
    143.43227464646927,
    143.43227464646927,
    143.43227464646927,
    899,
    899,
    899,
    899,
    899,
    209.17390596238437,
    209.17390596238437,
    209.17390596238437,
    155.96536124415994,
    155.96536124415994,
    4.850872689200135,
    4.850872689200135,
    4.850872689200135,
    134.7240810862579,
    134.7240810862579,
    134.7240810862579,
    134.7240810862579,
    134.7240810862579,
    134.7240810862579,
    134.7240810862579,
    134.7240810862579,
    134.7240810862579,
    134.7240810862579,
    134.7240810862579,
    134.7240810862579,
    134.7240810862579,
    134.7240810862579,
    134.7240810862579,
    134.7240810862579,
    134.7240810862579,
    134.7240810862579,
    134.7240810862579,
    296.1393933894231,
    296.1393933894231,
    296.1393933894231,
    296.1393933894231,
    296.1393933894231,
    20.591864933226233,
    20.591864933226233,
    20.591864933226233,
    20.591864933226233,
    13.174748230058443,
    13.174748230058443,
    13.174748230058443,
    13.174748230058443,
    13.174748230058443,
    13.174748230058443,
    13.174748230058443,
    5.471164965913071,
    5.471164965913071,
    8.667872122306617,
    8.667872122306617,
    8.667872122306617,
    9.494469795146147,
    9.494469795146147,
    9.494469795146147,
    9.494469795146147,
    9.494469795146147,
    9.494469795146147,
    9.494469795146147,
    9.494469795146147,
    9.494469795146147,
    9.494469795146147,
    9.494469795146147,
    9.494469795146147,
    9.494469795146147,
    9.494469795146147,
    51.411387303949724,
    51.411387303949724,
    51.411387303949724,
    51.411387303949724,
    51.411387303949724,
    51.411387303949724,
    51.411387303949724,
    51.411387303949724,
    51.411387303949724,
    51.411387303949724,
    51.411387303949724,
    51.411387303949724,
    51.411387303949724,
    51.411387303949724,
    51.411387303949724,
    51.411387303949724,
