{
  "mode": 0,
  "startTime": 1635647200048,
  "recordedSeconds": 840,
  "delayFrameIdx": 120,
  "pDelayFrameIdx": 120,
  "isAutopilot": true,
  "showDoppel": true,
  "blackoutLeft": false,
  "blackoutRight": false,
  "preset_idx": 2,
  "preset_currentDelayFrameIdx": 120,
  "manual_TH": 6000,
  "speed_jointDist": 0.140994769499053,
  "speed_mappedFrames": [
    43.0866731153476,
    8.428219866435764,
    8.428219866435764,
    8.428219866435764,
    24.005538927967013,
    24.005538927967013,
    24.005538927967013,
    24.005538927967013,
    9.676485997010566,
    9.676485997010566,
    9.676485997010566,
    85.32237008771568,
    91.99365916667612,
    91.99365916667612,
    91.99365916667612,
    91.99365916667612,
    19.840340635262354,
    19.840340635262354,
    19.840340635262354,
    56.32146560243843,
    56.32146560243843,
    56.32146560243843,
    56.32146560243843,
    56.32146560243843,
    56.32146560243843,
    56.32146560243843,
    56.32146560243843,
    56.32146560243843,
    56.32146560243843,
    56.32146560243843,
    56.32146560243843,
    56.32146560243843,
    56.32146560243843,
    56.32146560243843,
    56.32146560243843,
    56.32146560243843,
    56.32146560243843,
    56.32146560243843,
    56.32146560243843,
    56.32146560243843,
    56.32146560243843,
    56.32146560243843,
    56.32146560243843,
    56.32146560243843,
    56.32146560243843,
    56.32146560243843,
    56.32146560243843,
    56.32146560243843,
    56.32146560243843,
    56.32146560243843,
    56.32146560243843,
    56.32146560243843,
    56.32146560243843,
    56.32146560243843,
    56.32146560243843,
    56.32146560243843,
    56.32146560243843,
    56.32146560243843,
    56.32146560243843,
    56.32146560243843,
    56.32146560243843,
    56.32146560243843,
    56.32146560243843,
    56.32146560243843,
    56.32146560243843,
    56.32146560243843,
    56.32146560243843,
    56.32146560243843,
    56.32146560243843,
    56.32146560243843,
    56.32146560243843,
    56.32146560243843,
    56.32146560243843,
    56.32146560243843,
    56.32146560243843,
    56.32146560243843,
    56.32146560243843,
    56.32146560243843,
    56.32146560243843,
    56.32146560243843,
    56.32146560243843,
    56.32146560243843,
    56.32146560243843,
    56.32146560243843,
    56.32146560243843,
    56.32146560243843,
    168.79638196994588,
    168.79638196994588,
    168.79638196994588,
    168.79638196994588,
    168.79638196994588,
    168.79638196994588,
    168.79638196994588,
    168.79638196994588,
    3.308832461573744,
    3.308832461573744,
    2.9259655470684676,
    2.9259655470684676,
    2.9259655470684676,
    8.895525618331332,
    8.895525618331332,
    8.895525618331332,
    8.895525618331332,
    8.895525618331332,
    14.373541414444547,
    0.13331592048430035,
    0.13331592048430035,
    10.733246260380838,
    10.733246260380838,
    10.733246260380838,
    0.8319937375147266,
    0.8319937375147266,
    0.8319937375147266,
    5.804066369333201,
    5.804066369333201,
    0.8087970565160868,
    0.8087970565160868,
    0.8087970565160868,
    14.661188725745394,
    14.661188725745394,
    14.661188725745394,
    14.661188725745394,
    108.07126614775801,
    108.07126614775801,
    108.07126614775801,
    38.11580871763709,
    38.11580871763709,
    37.41827843051931,
    37.41827843051931,
    37.41827843051931,
    16.691382165844658,
    16.691382165844658,
    20.47639108507148,
    5.26586315780956,
    5.26586315780956,
    5.26586315780956,
    5.26586315780956,
    18.801469764096204,
    18.801469764096204,
    18.801469764096204,
    165.74836821494566,
    165.74836821494566,
    165.74836821494566,
    69.53276658232001,
    69.53276658232001,
    69.53276658232001,
    5.103005837154793,
    5.103005837154793,
    1.6594385731040526,
    4.032439854219895,
    4.032439854219895,
    4.032439854219895,
    7.245738923285236,
    7.245738923285236,
    27.923002983377287,
    27.923002983377287,
    6.188072415546447,
    6.188072415546447,
    6.188072415546447,
    8.53412793564327,
    8.53412793564327,
    8.53412793564327,
    25.52508859123379,
    25.52508859123379,
    25.52508859123379,
    10.132422515554323,
    10.132422515554323,
    6.636142280884546,
    6.636142280884546,
    6.636142280884546,
    4.709900106427862,
    4.709900106427862,
    4.709900106427862,
    11.048472479191197,
    11.048472479191197,
    11.048472479191197,
    4.2179553803971395,
    4.2179553803971395,
    4.2179553803971395,
    20.413519184560485,
    20.413519184560485,
    20.413519184560485,
    52.33115740595595,
    52.33115740595595,
    52.33115740595595,
    71.73889475381907,
    71.73889475381907,
    71.73889475381907,
    71.73889475381907,
    172.49933823048627,
    172.49933823048627,
    172.49933823048627,
    44.93466741276998,
    44.93466741276998,
    44.93466741276998,
    44.93466741276998,
    63.0204876932995,
    63.0204876932995,
    38.13373692121569,
    38.13373692121569,
    38.13373692121569,
    30.04395210139234,
    30.04395210139234,
    12.389202544204585,
    12.389202544204585,
    12.389202544204585,
    11.354249341538061,
    11.354249341538061,
    11.354249341538061,
    4.435268471671838,
    4.435268471671838,
    250.4615533407202,
    250.4615533407202,
    250.4615533407202,
    266.6439404552472,
    266.6439404552472,
    266.6439404552472,
    266.6439404552472,
    266.6439404552472,
    266.6439404552472,
    266.6439404552472,
    266.6439404552472,
    266.6439404552472,
    266.6439404552472,
    266.6439404552472,
    266.6439404552472,
    266.6439404552472,
    266.6439404552472,
    266.6439404552472,
    266.6439404552472,
    266.6439404552472,
    266.6439404552472,
    266.6439404552472,
    266.6439404552472,
    266.6439404552472,
    266.6439404552472,
    266.6439404552472,
    266.6439404552472,
    266.6439404552472,
    266.6439404552472,
    266.6439404552472,
    266.6439404552472,
    266.6439404552472,
    266.6439404552472,
    266.6439404552472,
    266.6439404552472,
    266.6439404552472,
    899,
    899,
    899,
    899,
    899,
    899,
    899,
    899,
    899,
    899,
    899,
    899,
    899,
    899,
    32.502527801299145,
    32.502527801299145,
    10.406997314156817,
    10.406997314156817,
    10.406997314156817,
    18.15126267574984,
    31.403718325401922,
    31.403718325401922,
    29.40642001631989,
    29.40642001631989,
    83.80724318920507,
    83.80724318920507,
    83.80724318920507,
    149.23369756132138,
    149.23369756132138,
    149.23369756132138,
    149.23369756132138,
    421.30721498768327,
    421.30721498768327,
    421.30721498768327,
    421.30721498768327,
    214.03870499135766,
    5.452949379924534,
    5.452949379924534,
    75.60726028528985,
    75.60726028528985,
    22.55042660458859,
    10.118748797407479,
    10.118748797407479,
    10.118748797407479,
    16.528272578596834,
    16.528272578596834,
    16.528272578596834,
    109.15361429122238,
    109.15361429122238,
    109.15361429122238,
    146.99149165819327,
    7.315605881400657,
    7.315605881400657,
    7.315605881400657,
    34.62240457053967,
    34.62240457053967,
    34.62240457053967,
    19.262483895767023,
    19.262483895767023,
    19.262483895767023,
    20.09394033518972,
    20.09394033518972,
    20.09394033518972,
    20.09394033518972,
    4.844854586532037,
    4.844854586532037,
    4.844854586532037,
    4.844854586532037,
    4.844854586532037,
    4.844854586532037,
    4.844854586532037,
    90.40647980968697,
    90.40647980968697,
    90.40647980968697,
    90.40647980968697,
    90.40647980968697,
    8.813233153925362,
    8.813233153925362,
    241.6027613996465,
    241.6027613996465,
    241.6027613996465,
    102.64198719308463,
    102.64198719308463,
    102.64198719308463,
    35.560131610982324,
    35.560131610982324,
    24.22128865074924,
    24.22128865074924,
    24.22128865074924,
