{
  "mode": 2,
  "startTime": 1635647200048,
  "recordedSeconds": 1020,
  "delayFrameIdx": 87,
  "pDelayFrameIdx": 87,
  "isAutopilot": true,
  "showDoppel": true,
  "blackoutLeft": false,
  "blackoutRight": false,
  "preset_idx": 2,
  "preset_currentDelayFrameIdx": 120,
  "manual_TH": 6000,
  "speed_jointDist": 1.7737193432267573,
  "speed_mappedFrames": [
    6.652026390332105,
    6.652026390332105,
    6.652026390332105,
    6.062038466885141,
    6.062038466885141,
    6.062038466885141,
    7.843077414327523,
    7.843077414327523,
    7.843077414327523,
    1.3059294037711076,
    1.3059294037711076,
    1.3059294037711076,
    1.3059294037711076,
    1.6843415448465695,
    1.6843415448465695,
    1.6843415448465695,
    0.8201514524112278,
    0.8201514524112278,
    0.8201514524112278,
    3.193081309777902,
    3.193081309777902,
    3.193081309777902,
    3.193081309777902,
    3.193081309777902,
    3.193081309777902,
    3.193081309777902,
    3.193081309777902,
    24.491598113568877,
    24.491598113568877,
    24.491598113568877,
    24.491598113568877,
    5.372474273887496,
    5.372474273887496,
    5.0439908116589445,
    5.0439908116589445,
    5.0439908116589445,
    3.986588892581253,
    3.986588892581253,
    3.986588892581253,
    5.188310476642097,
    5.188310476642097,
    2.918724400148348,
    2.918724400148348,
    2.918724400148348,
    6.567276397419398,
    6.567276397419398,
    6.567276397419398,
    3.1455529734250045,
    0.9786302726752508,
    0.9786302726752508,
    0.9786302726752508,
    0.9786302726752508,
    5.705676415178497,
    5.705676415178497,
    5.705676415178497,
    11.125779749044591,
    11.125779749044591,
    11.125779749044591,
    2.1081921630507616,
    2.1081921630507616,
    2.1081921630507616,
    3.1109966771395623,
    3.1109966771395623,
    3.1109966771395623,
    3.179776985085487,
    3.179776985085487,
    3.179776985085487,
    1.6165306291759982,
    1.6165306291759982,
    1.6165306291759982,
    1.5050329775655482,
    1.5050329775655482,
    1.5050329775655482,
    1.102495616757915,
    0.8355850310572827,
    0.8355850310572827,
    0.8355850310572827,
    0.9436120395410184,
    0.772453211940495,
    0.772453211940495,
    2.1808027199108033,
    2.1808027199108033,
    2.1808027199108033,
    1.2380164430013667,
    1.2380164430013667,
    1.2380164430013667,
    1.98136413458295,
    1.98136413458295,
    1.98136413458295,
    2.4299487015021075,
    0.9521259268951994,
    0.9521259268951994,
    0.9521259268951994,
    0.5098309391681923,
    0.5098309391681923,
    0.3120819324184507,
    0.6088093407601296,
    0.6088093407601296,
    0.6088093407601296,
    0.6639839327769473,
    0.6639839327769473,
    0.6639839327769473,
    2.6788009236791743,
    0.6291263992537505,
    0.6291263992537505,
    0.6291263992537505,
    0.8454925678651569,
    0.8454925678651569,
    0.8454925678651569,
    0.10138284952757218,
    0.10138284952757218,
    0.10138284952757218,
    2.934109890928923,
    2.934109890928923,
    2.934109890928923,
    1.1294942885665225,
    1.1294942885665225,
    1.1294942885665225,
    3.097393551092708,
    3.097393551092708,
    3.097393551092708,
    2.156183868482367,
    2.156183868482367,
    2.156183868482367,
    2.111613548214217,
    2.111613548214217,
    2.111613548214217,
    0.6151479870484509,
    0.6151479870484509,
    0.6151479870484509,
    0.2423231458299444,
    0.8974879886718585,
    0.8974879886718585,
    0.8974879886718585,
    2.350709430216628,
    2.350709430216628,
    2.350709430216628,
    1.1225832832341756,
    1.1225832832341756,
    1.1225832832341756,
    1.5116390360942913,
    1.5116390360942913,
    1.5116390360942913,
    2.20505046365671,
    2.20505046365671,
    2.20505046365671,
    1.6968684372685996,
    1.6968684372685996,
    1.6968684372685996,
    4.065295532700932,
    4.065295532700932,
    4.065295532700932,
    4.642464277791304,
    4.642464277791304,
    4.642464277791304,
    2.431042382432325,
    2.431042382432325,
    2.431042382432325,
    2.255031831998791,
    2.255031831998791,
    2.255031831998791,
    1.8056502376777304,
    1.8056502376777304,
    1.8056502376777304,
    2.96284772702134,
    2.96284772702134,
    2.96284772702134,
    2.96284772702134,
    1.8666951704090755,
    1.8666951704090755,
    1.8666951704090755,
    3.8982335528114636,
    3.8982335528114636,
    3.8982335528114636,
    3.8982335528114636,
    3.8982335528114636,
    3.8982335528114636,
    3.8982335528114636,
    3.8982335528114636,
    3.8982335528114636,
    3.8982335528114636,
    3.8982335528114636,
    3.8982335528114636,
    3.8982335528114636,
    3.8982335528114636,
    3.8982335528114636,
    3.8982335528114636,
    3.8982335528114636,
    3.8982335528114636,
    3.8982335528114636,
    3.8982335528114636,
    3.8982335528114636,
    3.8982335528114636,
    3.8982335528114636,
    3.8982335528114636,
    3.8982335528114636,
    3.8982335528114636,
    3.8982335528114636,
    3.8982335528114636,
    3.8982335528114636,
    3.8982335528114636,
    3.8982335528114636,
    3.8982335528114636,
    3.8982335528114636,
    68.70027491197187,
    68.70027491197187,
    68.70027491197187,
    68.70027491197187,
    68.70027491197187,
    68.70027491197187,
    68.70027491197187,
    68.70027491197187,
    17.66647497276038,
    17.66647497276038,
    1.951007351447361,
    1.951007351447361,
    1.951007351447361,
    1.951007351447361,
    1.951007351447361,
    1.951007351447361,
    1.951007351447361,
    1.951007351447361,
    1.951007351447361,
    1.951007351447361,
    1.951007351447361,
    1.951007351447361,
    1.951007351447361,
    1.951007351447361,
    22.82007892002097,
    2.050893701497356,
    2.050893701497356,
    2.050893701497356,
    4.281151162138877,
    4.281151162138877,
    4.281151162138877,
    4.281151162138877,
    4.281151162138877,
    4.281151162138877,
    4.281151162138877,
    4.281151162138877,
    4.281151162138877,
    4.281151162138877,
    18.430601577630664,
    2.3459899858916735,
    2.3459899858916735,
    2.3459899858916735,
    3.6926940314611127,
    3.6926940314611127,
    3.6926940314611127,
    3.6926940314611127,
    1.0517393049110861,
    1.0517393049110861,
    1.0517393049110861,
    2.983387390317371,
    2.983387390317371,
    2.983387390317371,
    1.1111572899013997,
    1.1111572899013997,
    1.1111572899013997,
    1.905607872510027,
    1.905607872510027,
    1.905607872510027,
    0.7839035241539541,
    0.7839035241539541,
    0.7839035241539541,
    0.8577594298946376,
    0.8577594298946376,
    0.8577594298946376,
    3.040996060462718,
    3.040996060462718,
    3.040996060462718,
    3.040996060462718,
    3.040996060462718,
    24.32660597658418,
    24.32660597658418,
    8.17796616769635,
    7.322311926631446,
    7.322311926631446,
    9.951256399442792,
    9.951256399442792,
    9.951256399442792,
    7.348459268205333,
    7.348459268205333,
    7.348459268205333,
    15.47718973153978,
    15.47718973153978,
    15.47718973153978,
    12.133643566446336,
    12.133643566446336,
    12.133643566446336,
    16.598174055160218,
    16.598174055160218,
    16.598174055160218,
    3.0349316313015238,
    3.0349316313015238,
    3.0349316313015238,
    11.954486353213365,
    11.954486353213365,
    11.954486353213365,
    3.1572435495556217,
    3.1572435495556217,
    3.1572435495556217,
    3.1572435495556217,
    21.678574153812118,
    21.678574153812118,
    21.678574153812118,
    31.379328771445277,
    31.379328771445277,
    31.379328771445277,
    26.925543106719388,
    26.925543106719388,
    26.925543106719388,
    49.33476520167928,
    49.33476520167928,
    49.33476520167928,
    40.72127276896958,
    40.72127276896958,
    40.72127276896958,
    57.46443725250052,
    57.46443725250052,
    57.46443725250052,
    2.117461919128079,
    2.117461919128079,
    2.117461919128079,
    2.117461919128079,
