{
  "mode": 2,
  "startTime": 1635647200048,
  "recordedSeconds": 810,
  "delayFrameIdx": 108,
  "pDelayFrameIdx": 108,
  "isAutopilot": true,
  "showDoppel": true,
  "blackoutLeft": false,
  "blackoutRight": false,
  "preset_idx": 2,
  "preset_currentDelayFrameIdx": 120,
  "manual_TH": 6000,
  "speed_jointDist": 0.10573799924458235,
  "speed_mappedFrames": [
    2.9020318067992554,
    2.9020318067992554,
    2.9020318067992554,
    2.9020318067992554,
    2.9020318067992554,
    2.9020318067992554,
    2.9020318067992554,
    2.9020318067992554,
    2.9020318067992554,
    46.099254969367536,
    46.099254969367536,
    9.856102000672092,
    9.856102000672092,
    53.551593821598566,
    53.551593821598566,
    53.551593821598566,
    79.13734598187467,
    79.13734598187467,
    79.13734598187467,
    129.48352043459246,
    129.48352043459246,
    129.48352043459246,
    156.94336248109133,
    156.94336248109133,
    156.94336248109133,
    122.93840130442818,
    122.93840130442818,
    122.93840130442818,
    122.93840130442818,
    122.93840130442818,
    122.93840130442818,
    122.93840130442818,
    122.93840130442818,
    122.93840130442818,
    122.93840130442818,
    122.93840130442818,
    122.93840130442818,
    122.93840130442818,
    122.93840130442818,
    122.93840130442818,
    122.93840130442818,
    122.93840130442818,
    122.93840130442818,
    122.93840130442818,
    122.93840130442818,
    122.93840130442818,
    122.93840130442818,
    122.93840130442818,
    122.93840130442818,
    122.93840130442818,
    122.93840130442818,
    122.93840130442818,
    122.93840130442818,
    122.93840130442818,
    122.93840130442818,
    122.93840130442818,
    122.93840130442818,
    122.93840130442818,
    122.93840130442818,
    122.93840130442818,
    122.93840130442818,
    122.93840130442818,
    122.93840130442818,
    122.93840130442818,
    122.93840130442818,
    122.93840130442818,
    122.93840130442818,
    122.93840130442818,
    122.93840130442818,
    122.93840130442818,
    122.93840130442818,
    341.6526584788658,
    341.6526584788658,
    341.6526584788658,
    341.6526584788658,
    341.6526584788658,
    321.3053724582513,
    321.3053724582513,
    213.79180031406904,
    213.79180031406904,
    213.79180031406904,
    213.28536999790688,
    213.28536999790688,
    243.82009360189775,
    243.82009360189775,
    243.82009360189775,
    275.7867916704773,
    275.7867916704773,
    275.7867916704773,
    178.13422352321356,
    178.13422352321356,
    178.13422352321356,
    151.50319951545262,
    151.50319951545262,
    151.50319951545262,
    151.50319951545262,
    151.50319951545262,
    151.50319951545262,
    151.50319951545262,
    151.50319951545262,
    151.50319951545262,
    151.50319951545262,
    151.50319951545262,
    151.50319951545262,
    151.50319951545262,
    151.50319951545262,
    151.50319951545262,
    151.50319951545262,
    151.50319951545262,
    151.50319951545262,
    151.50319951545262,
    151.50319951545262,
    151.50319951545262,
    151.50319951545262,
    151.50319951545262,
    151.50319951545262,
    151.50319951545262,
    151.50319951545262,
    151.50319951545262,
    151.50319951545262,
    151.50319951545262,
    151.50319951545262,
    151.50319951545262,
    151.50319951545262,
    151.50319951545262,
    151.50319951545262,
    151.50319951545262,
    151.50319951545262,
    899,
    899,
    5.340093320154613,
    5.340093320154613,
    5.340093320154613,
    153.06331347585996,
    153.06331347585996,
    153.06331347585996,
    9.295172369900625,
    9.295172369900625,
    9.295172369900625,
    9.295172369900625,
    26.45634433267365,
    26.45634433267365,
    26.45634433267365,
    8.310051956507674,
    8.310051956507674,
    8.310051956507674,
    8.310051956507674,
    8.310051956507674,
    8.310051956507674,
    8.310051956507674,
    8.310051956507674,
    8.310051956507674,
    8.310051956507674,
    8.310051956507674,
    333.10013991414786,
    39.15406617476872,
    39.15406617476872,
    39.15406617476872,
    11.906354534701915,
    11.906354534701915,
    11.45500126195786,
    11.45500126195786,
    11.45500126195786,
    14.247391730418434,
    14.247391730418434,
    14.247391730418434,
    3.6532385804997713,
    3.6532385804997713,
    4.030171810087671,
    4.030171810087671,
    4.030171810087671,
    4.030171810087671,
    4.030171810087671,
    65.4747024428655,
    5.438509564988349,
    5.438509564988349,
    5.438509564988349,
    71.98751269523582,
    71.98751269523582,
    94.76995874560713,
    94.76995874560713,
    94.76995874560713,
    94.76995874560713,
    94.76995874560713,
    94.76995874560713,
    94.76995874560713,
    94.76995874560713,
    94.76995874560713,
    94.76995874560713,
    94.76995874560713,
    94.76995874560713,
    94.76995874560713,
    94.76995874560713,
    94.76995874560713,
    94.76995874560713,
    94.76995874560713,
    94.76995874560713,
    94.76995874560713,
    94.76995874560713,
    94.76995874560713,
    94.76995874560713,
    94.76995874560713,
    94.76995874560713,
    94.76995874560713,
    94.76995874560713,
    94.76995874560713,
    94.76995874560713,
    899,
    899,
    62.14357169174685,
    62.14357169174685,
    62.14357169174685,
    57.84236719096374,
    57.84236719096374,
    57.84236719096374,
    135.508796823407,
    135.508796823407,
    19.23071670190936,
    19.23071670190936,
    19.23071670190936,
    3.2487980197543145,
    3.2487980197543145,
    3.2487980197543145,
    3.2487980197543145,
    3.2487980197543145,
    10.705764412440379,
    10.705764412440379,
    10.705764412440379,
    10.705764412440379,
    10.705764412440379,
    10.705764412440379,
    10.705764412440379,
    10.705764412440379,
    10.705764412440379,
    10.705764412440379,
    10.705764412440379,
    10.705764412440379,
    10.705764412440379,
    10.705764412440379,
    10.705764412440379,
    10.705764412440379,
    10.705764412440379,
    10.705764412440379,
    10.705764412440379,
    10.705764412440379,
    10.705764412440379,
    10.705764412440379,
    10.705764412440379,
    10.705764412440379,
    10.705764412440379,
    10.705764412440379,
    10.705764412440379,
    10.705764412440379,
    344.5312036342987,
    344.5312036342987,
    344.5312036342987,
    344.5312036342987,
    344.5312036342987,
    344.5312036342987,
    344.5312036342987,
    344.5312036342987,
    383.8389672016598,
    383.8389672016598,
    43.086206445394744,
    75.86693100281663,
    75.86693100281663,
    75.86693100281663,
    161.26394234824022,
    161.26394234824022,
    161.26394234824022,
    9.715195291136048,
    9.715195291136048,
    9.715195291136048,
    9.715195291136048,
    10.428788181252465,
    10.428788181252465,
    10.428788181252465,
    26.336015148180714,
    26.336015148180714,
    26.336015148180714,
    35.443482560488626,
    35.443482560488626,
    35.443482560488626,
    35.443482560488626,
    27.09153283769183,
    27.09153283769183,
    27.09153283769183,
    39.39886596686278,
    39.39886596686278,
    91.04070915121555,
    91.04070915121555,
    91.04070915121555,
    3.8400458480418256,
    3.8400458480418256,
    3.8400458480418256,
    3.8400458480418256,
    219.899362608823,
    219.899362608823,
    219.899362608823,
    98.79821370342118,
    10.424334255624967,
    10.424334255624967,
    10.424334255624967,
    4.163499232668739,
    4.163499232668739,
    7.987323557939625,
    7.987323557939625,
    7.987323557939625,
    2.844261966324216,
    2.844261966324216,
    2.844261966324216,
    17.921058087948477,
    17.921058087948477,
    17.921058087948477,
    71.22617810335377,
    71.22617810335377,
    95.20078311239554,
    95.20078311239554,
    95.20078311239554,
    159.94470336265053,
    159.94470336265053,
    184.71114160631456,
    184.71114160631456,
    184.71114160631456,
    149.84399835753425,
    149.84399835753425,
