{
  "mode": 2,
  "startTime": 1635647200048,
  "recordedSeconds": 450,
  "delayFrameIdx": 176,
  "pDelayFrameIdx": 176,
  "isAutopilot": true,
  "showDoppel": true,
  "blackoutLeft": false,
  "blackoutRight": false,
  "preset_idx": 1,
  "preset_currentDelayFrameIdx": 0,
  "manual_TH": 6000,
  "speed_jointDist": 0.0007393920430556638,
  "speed_mappedFrames": [
    8.182540028214168,
    8.182540028214168,
    8.182540028214168,
    104.20483269654214,
    104.20483269654214,
    104.20483269654214,
    148.57134347115277,
    148.57134347115277,
    148.57134347115277,
    148.57134347115277,
    148.57134347115277,
    148.57134347115277,
    148.57134347115277,
    148.57134347115277,
    148.57134347115277,
    148.57134347115277,
    148.57134347115277,
    148.57134347115277,
    148.57134347115277,
    148.57134347115277,
    148.57134347115277,
    148.57134347115277,
    148.57134347115277,
    148.57134347115277,
    148.57134347115277,
    148.57134347115277,
    148.57134347115277,
    148.57134347115277,
    148.57134347115277,
    148.57134347115277,
    148.57134347115277,
    148.57134347115277,
    148.57134347115277,
    148.57134347115277,
    148.57134347115277,
    148.57134347115277,
    148.57134347115277,
    148.57134347115277,
    148.57134347115277,
    148.57134347115277,
    148.57134347115277,
    148.57134347115277,
    148.57134347115277,
    148.57134347115277,
    148.57134347115277,
    148.57134347115277,
    148.57134347115277,
    148.57134347115277,
    899,
    899,
    899,
    899,
    899,
    899,
    155.29866800865221,
    155.29866800865221,
    155.29866800865221,
    155.29866800865221,
    33.100546571034485,
    33.100546571034485,
    33.100546571034485,
    33.100546571034485,
    33.100546571034485,
    33.100546571034485,
    33.100546571034485,
    33.100546571034485,
    33.100546571034485,
    84.09271702633615,
    84.09271702633615,
    84.09271702633615,
    84.09271702633615,
    84.09271702633615,
    84.09271702633615,
    84.09271702633615,
    84.09271702633615,
    84.09271702633615,
    42.331388482626394,
    42.331388482626394,
    42.331388482626394,
    42.331388482626394,
    59.309242044054365,
    59.309242044054365,
    59.309242044054365,
    59.309242044054365,
    59.309242044054365,
    9.50151020533108,
    9.50151020533108,
    9.50151020533108,
    76.7676485324207,
    4.046310422725663,
    4.046310422725663,
    4.046310422725663,
    4.046310422725663,
    79.6522828330826,
    79.6522828330826,
    79.6522828330826,
    79.6522828330826,
    332.2276690168848,
    332.2276690168848,
    186.7040186938033,
    186.7040186938033,
    186.7040186938033,
    515.6683568859413,
    515.6683568859413,
    9.303969699778614,
    9.303969699778614,
    9.303969699778614,
    199.527737817165,
    136.0477455993347,
    136.0477455993347,
    136.0477455993347,
    11.144097525756962,
    11.144097525756962,
    11.144097525756962,
    11.144097525756962,
    11.144097525756962,
    11.144097525756962,
    11.144097525756962,
    11.144097525756962,
    11.144097525756962,
    11.144097525756962,
    262.90846121320175,
    262.90846121320175,
    262.90846121320175,
    262.90846121320175,
    262.90846121320175,
    262.90846121320175,
    262.90846121320175,
    262.90846121320175,
    262.90846121320175,
    262.90846121320175,
    262.90846121320175,
    262.90846121320175,
    262.90846121320175,
    262.90846121320175,
    262.90846121320175,
    262.90846121320175,
    262.90846121320175,
    262.90846121320175,
    262.90846121320175,
    262.90846121320175,
    262.90846121320175,
    262.90846121320175,
    262.90846121320175,
    262.90846121320175,
    262.90846121320175,
    262.90846121320175,
    262.90846121320175,
    262.90846121320175,
    262.90846121320175,
    262.90846121320175,
    262.90846121320175,
    262.90846121320175,
    262.90846121320175,
    262.90846121320175,
    262.90846121320175,
    262.90846121320175,
    262.90846121320175,
    899,
    899,
    37.264490075465226,
    37.264490075465226,
    8.263688391333595,
    8.263688391333595,
    8.263688391333595,
    32.59913219719286,
    27.398787631728716,
    27.398787631728716,
    27.398787631728716,
    5.122980738324111,
    5.122980738324111,
    5.122980738324111,
    5.122980738324111,
    17.35903769566954,
    17.35903769566954,
    17.35903769566954,
    5.981718197184659,
    5.981718197184659,
    5.981718197184659,
    9.157293429656164,
    9.157293429656164,
    9.157293429656164,
    18.402281876999886,
    18.402281876999886,
    18.402281876999886,
    27.64895329042456,
    27.64895329042456,
    14.585723844216746,
    14.585723844216746,
    14.585723844216746,
    5.806728408385819,
    5.806728408385819,
    5.806728408385819,
    36.56576969823877,
    36.56576969823877,
    36.56576969823877,
    41.20848509494,
    41.20848509494,
    59.34320985468735,
    59.34320985468735,
    59.34320985468735,
    80.82794116408276,
    80.82794116408276,
    91.7373729893448,
    91.7373729893448,
    91.7373729893448,
    269.51045600923106,
    269.51045600923106,
    269.51045600923106,
    269.51045600923106,
    269.51045600923106,
    269.51045600923106,
    551.9840128105842,
    551.9840128105842,
    551.9840128105842,
    235.28633416550988,
    235.28633416550988,
    237.94079788347568,
    237.94079788347568,
    237.94079788347568,
    360.1183007188344,
    360.1183007188344,
    360.1183007188344,
    124.63423774378907,
    130.78672132445328,
    130.78672132445328,
    130.78672132445328,
    130.78672132445328,
    130.78672132445328,
    130.78672132445328,
    130.78672132445328,
    71.91781333957805,
    71.91781333957805,
    71.91781333957805,
    71.91781333957805,
    71.91781333957805,
    71.91781333957805,
    71.91781333957805,
    71.91781333957805,
    71.91781333957805,
    71.91781333957805,
    71.91781333957805,
    71.91781333957805,
    71.91781333957805,
    71.91781333957805,
    71.91781333957805,
    71.91781333957805,
    71.91781333957805,
    71.91781333957805,
    71.91781333957805,
    71.91781333957805,
    71.91781333957805,
    71.91781333957805,
    71.91781333957805,
    71.91781333957805,
    71.91781333957805,
    71.91781333957805,
    71.91781333957805,
    71.91781333957805,
    71.91781333957805,
    899,
    899,
    121.98874711945102,
    121.98874711945102,
    121.98874711945102,
    121.98874711945102,
    121.98874711945102,
    230.60609967381686,
    48.37910219695155,
    48.37910219695155,
    24.944300818189728,
    24.944300818189728,
    24.944300818189728,
    24.944300818189728,
    24.944300818189728,
    24.944300818189728,
    24.944300818189728,
    24.944300818189728,
    21.787142546100643,
    21.787142546100643,
    4.37569927029623,
    4.37569927029623,
    8.043168404607007,
    8.043168404607007,
    8.043168404607007,
    8.043168404607007,
    8.043168404607007,
    8.043168404607007,
    8.246155237929328,
    8.246155237929328,
    8.246155237929328,
    17.439750159598283,
    17.439750159598283,
    17.439750159598283,
    37.00985009663742,
    37.00985009663742,
    37.00985009663742,
    45.25172104175382,
    45.25172104175382,
    71.32872054245307,
    71.32872054245307,
    71.32872054245307,
    108.90528086653273,
    108.90528086653273,
    108.90528086653273,
    108.90528086653273,
    287.7413471060738,
    287.7413471060738,
    226.11915973533814,
    226.11915973533814,
    226.11915973533814,
    6.942101596179997,
    6.942101596179997,
    6.942101596179997,
    6.942101596179997,
    6.942101596179997,
    712.3567599166743,
    712.3567599166743,
    712.3567599166743,
    712.3567599166743,
    712.3567599166743,
    712.3567599166743,
    712.3567599166743,
    712.3567599166743,
    712.3567599166743,
    712.3567599166743,
    712.3567599166743,
    712.3567599166743,
    712.3567599166743,
    712.3567599166743,
    712.3567599166743,
