{
  "mode": 2,
  "startTime": 1635630183767,
  "recordedSeconds": 270,
  "delayFrameIdx": 3,
  "pDelayFrameIdx": 3,
  "isAutopilot": false,
  "showDoppel": true,
  "blackoutLeft": false,
  "blackoutRight": false,
  "preset_idx": 2,
  "preset_currentDelayFrameIdx": 120,
  "manual_TH": 6000,
  "speed_jointDist": 0.009800075276747568,
  "speed_mappedFrames": [
    1.118510597049175,
    1.118510597049175,
    1.118510597049175,
    0.7021997791780831,
    0.7021997791780831,
    0.7021997791780831,
    2.220109536448968,
    2.220109536448968,
    2.220109536448968,
    0.7462881571140305,
    0.7462881571140305,
    0.7462881571140305,
    2.3982471721760312,
    2.3982471721760312,
    2.3982471721760312,
    2.3982471721760312,
    0.7770225682543611,
    0.7770225682543611,
    0.7770225682543611,
    1.877837509727044,
    1.877837509727044,
    1.877837509727044,
    1.9656668214245303,
    1.9656668214245303,
    1.9656668214245303,
    2.212080931911581,
    2.212080931911581,
    2.212080931911581,
    2.212080931911581,
    2.212080931911581,
    2.212080931911581,
    2.212080931911581,
    13.489855469345034,
    13.489855469345034,
    3.379436523079163,
    3.379436523079163,
    3.379436523079163,
    3.3508059035805835,
    3.3508059035805835,
    2.658028724541699,
    2.658028724541699,
    2.658028724541699,
    0.9289013582627915,
    0.9289013582627915,
    0.9289013582627915,
    0.36425972354284636,
    0.36425972354284636,
    0.36425972354284636,
    1.444736070937885,
    1.444736070937885,
    1.444736070937885,
    1.444736070937885,
    0.6629155263227257,
    0.6629155263227257,
    0.6629155263227257,
    0.4541477799577291,
    0.4541477799577291,
    0.4541477799577291,
    0.93807180827624,
    0.93807180827624,
    0.93807180827624,
    0.24613134753607038,
    0.24613134753607038,
    0.24613134753607038,
    0.9700378345211872,
    0.9700378345211872,
    0.9700378345211872,
    0.9700378345211872,
    0.19873142030153546,
    0.19873142030153546,
    0.19873142030153546,
    0.20652878960812368,
    0.20652878960812368,
    0.20652878960812368,
    0.7257760134267938,
    0.7257760134267938,
    0.7257760134267938,
    0.7257760134267938,
    3.3373075532069034,
    3.3373075532069034,
    3.3373075532069034,
    0.5107311708101999,
    0.5107311708101999,
    0.5107311708101999,
    0.7693283145909063,
    0.7693283145909063,
    0.7693283145909063,
    0.44643410940026634,
    0.44643410940026634,
    0.44643410940026634,
    0.44643410940026634,
    6.8409960896935775,
    6.8409960896935775,
    6.8409960896935775,
    1.6920661813742501,
    1.6920661813742501,
    1.6920661813742501,
    0.2499995094043191,
    0.2499995094043191,
    0.2499995094043191,
    0.2499995094043191,
    0.515019030812177,
    0.515019030812177,
    0.515019030812177,
    0.515019030812177,
    0.515019030812177,
    0.515019030812177,
    0.515019030812177,
    0.515019030812177,
    0.515019030812177,
    10.91625904396811,
    10.91625904396811,
    10.91625904396811,
    10.91625904396811,
    10.91625904396811,
    10.91625904396811,
    10.91625904396811,
    10.91625904396811,
    10.91625904396811,
    10.91625904396811,
    2.6270987498320895,
    2.6270987498320895,
    2.610809908265791,
    2.610809908265791,
    2.610809908265791,
    8.801234569186743,
    8.801234569186743,
    5.085298439124466,
    5.085298439124466,
    5.085298439124466,
    0.09671889900450298,
    0.09671889900450298,
    0.09671889900450298,
    0.09671889900450298,
    0.8748886506656012,
    0.8748886506656012,
    0.8748886506656012,
    1.0972686287516935,
    1.0972686287516935,
    1.0972686287516935,
    3.6360107324892144,
    3.6360107324892144,
    3.6360107324892144,
    3.6360107324892144,
    1.125801419230234,
    1.125801419230234,
    1.125801419230234,
    1.125801419230234,
    9.029866509101918,
    9.029866509101918,
    2.6483597131252172,
    2.6483597131252172,
    2.6483597131252172,
    2.6483597131252172,
    5.6229191446509565,
    5.6229191446509565,
    5.6229191446509565,
    10.489834309199814,
    10.489834309199814,
    10.489834309199814,
    0.5868011027096645,
    0.5868011027096645,
    2.1028020183522895,
    2.1028020183522895,
    2.1028020183522895,
    0.17496230674094848,
    0.17496230674094848,
    0.17496230674094848,
    0.17496230674094848,
    0.7300691144202139,
    0.7300691144202139,
    0.7300691144202139,
    1.5072552827071708,
    1.5072552827071708,
    1.5072552827071708,
    0.4779821213969043,
    0.4779821213969043,
    0.4779821213969043,
    0.4779821213969043,
    4.3336980417544755,
    4.3336980417544755,
    4.3336980417544755,
    1.1533354978027879,
    1.1533354978027879,
    1.1533354978027879,
    0.8031312986107404,
    0.8031312986107404,
    0.8031312986107404,
    0.8031312986107404,
    3.7197940127124984,
    3.7197940127124984,
    3.7197940127124984,
    9.507367997623176,
    9.507367997623176,
    9.507367997623176,
    0.8226096716893705,
    0.8226096716893705,
    0.8226096716893705,
    0.8226096716893705,
    2.1578146449579605,
    2.1578146449579605,
    2.1578146449579605,
    1.3379240460638204,
    1.3379240460638204,
    1.3379240460638204,
    1.3379240460638204,
    1.3379240460638204,
    1.3379240460638204,
    1.3379240460638204,
    1.3379240460638204,
    1.3379240460638204,
    12.75808251051123,
    12.75808251051123,
    2.8099288161321154,
    2.8099288161321154,
    2.8099288161321154,
    8.037613105315515,
    8.037613105315515,
    4.501533364666909,
    4.501533364666909,
    4.169095694219308,
    4.169095694219308,
    4.169095694219308,
    1.7851465701521367,
    1.7851465701521367,
    1.7851465701521367,
    3.972218517736935,
    3.972218517736935,
    3.972218517736935,
    0.6009222171359841,
    0.6009222171359841,
    0.6009222171359841,
    0.6009222171359841,
    6.137709031591306,
    6.137709031591306,
    6.137709031591306,
    4.048949731145799,
    4.048949731145799,
    4.048949731145799,
    2.4114354800307276,
    2.4114354800307276,
    2.4114354800307276,
    2.4114354800307276,
    3.0050224076434287,
    3.0050224076434287,
    3.0050224076434287,
    0.9181492218713574,
    0.9181492218713574,
    0.9181492218713574,
    0.041821390468290726,
    0.041821390468290726,
    0.041821390468290726,
    1.6228335072834432,
    1.6228335072834432,
    1.6228335072834432,
    1.6228335072834432,
    1.8690318291624657,
    1.8690318291624657,
    1.8690318291624657,
    1.588806344291478,
    1.588806344291478,
    1.588806344291478,
    0.4561104144510305,
    0.4561104144510305,
    0.4561104144510305,
    0.4561104144510305,
    0.40520269514457574,
    0.40520269514457574,
    0.40520269514457574,
    0.40520269514457574,
    0.4405297819891122,
    0.4405297819891122,
    0.4405297819891122,
    0.4405297819891122,
    1.17858909613247,
    1.17858909613247,
    1.17858909613247,
    0.3688323518516423,
    0.3688323518516423,
    0.3688323518516423,
    0.7761147366359447,
    0.7761147366359447,
    0.7761147366359447,
    0.7761147366359447,
    1.7516529855363618,
    1.7516529855363618,
    1.7516529855363618,
    2.137617726093446,
    2.137617726093446,
    2.137617726093446,
    2.137617726093446,
    2.137617726093446,
    15.977398842859039,
    15.977398842859039,
    1.6644090470924728,
    1.6644090470924728,
    1.6644090470924728,
    3.265051924016347,
    3.265051924016347,
    2.2454995128301296,
    2.2454995128301296,
    2.2454995128301296,
    3.002459996211036,
    3.002459996211036,
    3.002459996211036,
    3.002459996211036,
    4.356596030931966,
    4.356596030931966,
    4.356596030931966,
    2.024844865806523,
    2.024844865806523,
    2.024844865806523,
    2.024844865806523,
    2.024844865806523,
    2.024844865806523,
    2.024844865806523,
    8.936004848219715,
    8.936004848219715,
    8.936004848219715,
    9.022503249259463,
    9.022503249259463,
    9.022503249259463,
