{
  "mode": 2,
  "startTime": 1635647200048,
  "recordedSeconds": 480,
  "delayFrameIdx": 54,
  "pDelayFrameIdx": 54,
  "isAutopilot": true,
  "showDoppel": true,
  "blackoutLeft": false,
  "blackoutRight": false,
  "preset_idx": 1,
  "preset_currentDelayFrameIdx": 0,
  "manual_TH": 6000,
  "speed_jointDist": 0.002906009087063135,
  "speed_mappedFrames": [
    93.2681600338939,
    93.2681600338939,
    93.2681600338939,
    93.2681600338939,
    93.2681600338939,
    93.2681600338939,
    93.2681600338939,
    93.2681600338939,
    93.2681600338939,
    93.2681600338939,
    93.2681600338939,
    93.2681600338939,
    899,
    41.2803188034564,
    41.2803188034564,
    41.2803188034564,
    41.2803188034564,
    41.2803188034564,
    79.0941893668613,
    79.0941893668613,
    79.0941893668613,
    62.48361839275652,
    62.48361839275652,
    14.417142002201347,
    14.417142002201347,
    14.417142002201347,
    49.31210480211089,
    49.31210480211089,
    11.601802436165533,
    11.601802436165533,
    11.601802436165533,
    4.006703739213123,
    4.642142712943997,
    4.642142712943997,
    4.642142712943997,
    7.408539221218911,
    7.408539221218911,
    7.408539221218911,
    7.408539221218911,
    4.863937709106112,
    4.863937709106112,
    4.863937709106112,
    4.863937709106112,
    12.977287146552921,
    12.977287146552921,
    12.977287146552921,
    12.977287146552921,
    12.977287146552921,
    19.85918905371849,
    19.85918905371849,
    14.823295421754006,
    14.823295421754006,
    0.560476280755873,
    0.560476280755873,
    0.560476280755873,
    11.476107330547384,
    11.476107330547384,
    11.476107330547384,
    36.70396328029248,
    36.70396328029248,
    36.70396328029248,
    43.08274252275335,
    43.08274252275335,
    43.08274252275335,
    111.35497146241033,
    111.35497146241033,
    111.35497146241033,
    8.36639438894618,
    8.36639438894618,
    8.36639438894618,
    8.36639438894618,
    516.0035544270349,
    275.99624222065637,
    275.99624222065637,
    275.99624222065637,
    275.99624222065637,
    275.99624222065637,
    604.554136538921,
    604.554136538921,
    228.81310294622736,
    228.81310294622736,
    228.81310294622736,
    4.75395766896502,
    4.75395766896502,
    4.75395766896502,
    4.75395766896502,
    4.75395766896502,
    4.75395766896502,
    4.75395766896502,
    4.75395766896502,
    4.75395766896502,
    4.75395766896502,
    4.75395766896502,
    4.75395766896502,
    4.75395766896502,
    4.75395766896502,
    4.75395766896502,
    4.75395766896502,
    4.75395766896502,
    4.75395766896502,
    4.75395766896502,
    4.75395766896502,
    4.75395766896502,
    4.75395766896502,
    4.75395766896502,
    4.75395766896502,
    4.75395766896502,
    4.75395766896502,
    4.75395766896502,
    4.75395766896502,
    4.75395766896502,
    4.75395766896502,
    4.75395766896502,
    4.75395766896502,
    4.75395766896502,
    4.75395766896502,
    4.75395766896502,
    4.75395766896502,
    4.75395766896502,
    899,
    70.37366781838867,
    70.37366781838867,
    15.676435009174808,
    15.676435009174808,
    15.676435009174808,
    92.4589849558552,
    92.4589849558552,
    92.4589849558552,
    13.51409521566731,
    13.51409521566731,
    13.51409521566731,
    45.76576410888478,
    45.76576410888478,
    45.76576410888478,
    45.76576410888478,
    45.76576410888478,
    31.766886871990316,
    31.766886871990316,
    31.766886871990316,
    31.766886871990316,
    31.766886871990316,
    20.111366123399815,
    9.07253765041908,
    9.07253765041908,
    9.07253765041908,
    10.280623277544322,
    10.280623277544322,
    5.098600544479368,
    5.098600544479368,
    4.524450085361127,
    4.524450085361127,
    4.524450085361127,
    14.174375222136149,
    14.174375222136149,
    14.174375222136149,
    8.134118038473959,
    8.134118038473959,
    8.134118038473959,
    3.266451141287911,
    3.266451141287911,
    3.266451141287911,
    3.266451141287911,
    3.266451141287911,
    18.65881258970653,
    7.582727084087309,
    7.582727084087309,
    7.582727084087309,
    5.581474471363455,
    5.581474471363455,
    10.662500024950896,
    10.662500024950896,
    10.662500024950896,
    4.021029666441151,
    4.021029666441151,
    4.021029666441151,
    6.800833535868828,
    6.800833535868828,
    6.800833535868828,
    5.908384833307152,
    5.908384833307152,
    2.9213276387268405,
    2.9213276387268405,
    2.9213276387268405,
    4.167398429306677,
    4.167398429306677,
    4.167398429306677,
    10.054570181210073,
    10.054570181210073,
    10.054570181210073,
    10.054570181210073,
    3.105764477846077,
    3.105764477846077,
    3.105764477846077,
    0.6163162106163886,
    0.6163162106163886,
    0.6163162106163886,
    0.733651747631223,
    0.9294609572415881,
    0.9294609572415881,
    1.7068977068398705,
    1.7068977068398705,
    1.7068977068398705,
    2.4344448891044106,
    2.4344448891044106,
    2.4344448891044106,
    0.5222020674478539,
    0.5222020674478539,
    0.5222020674478539,
    2.82771673671644,
    2.82771673671644,
    1.3163362540925192,
    1.3163362540925192,
    1.3163362540925192,
    9.70421079359407,
    9.70421079359407,
    9.70421079359407,
    9.70421079359407,
    9.70421079359407,
    9.70421079359407,
    10.363631780387182,
    10.363631780387182,
    6.875480484304337,
    6.875480484304337,
    6.875480484304337,
    7.135048372804091,
    7.135048372804091,
    7.135048372804091,
    7.135048372804091,
    7.135048372804091,
    7.135048372804091,
    7.135048372804091,
    7.135048372804091,
    7.135048372804091,
    7.135048372804091,
    7.135048372804091,
    7.135048372804091,
    7.135048372804091,
    7.135048372804091,
    7.135048372804091,
    7.135048372804091,
    7.135048372804091,
    7.135048372804091,
    7.135048372804091,
    7.135048372804091,
    7.135048372804091,
    7.135048372804091,
    7.135048372804091,
    7.135048372804091,
    7.135048372804091,
    7.135048372804091,
    7.135048372804091,
    7.135048372804091,
    7.135048372804091,
    7.135048372804091,
    7.135048372804091,
    7.135048372804091,
    7.135048372804091,
    7.135048372804091,
    7.135048372804091,
    7.135048372804091,
    31.977133517141766,
    2.4191276679782607,
    2.4191276679782607,
    0.48994301317482963,
    0.48994301317482963,
    0.48994301317482963,
    0.5788254157390924,
    0.5788254157390924,
    0.5788254157390924,
    0.5788254157390924,
    0.5788254157390924,
    2.404682878362837,
    3.8846441971664345,
    3.8846441971664345,
    3.8846441971664345,
    4.7355672096379635,
    4.7355672096379635,
    4.7355672096379635,
    0.4054170333849639,
    0.4054170333849639,
    0.40766442623048516,
    0.40766442623048516,
    0.40766442623048516,
    1.1336763882414236,
    1.1336763882414236,
    1.1336763882414236,
    0.5773033191081713,
    0.5773033191081713,
    0.5773033191081713,
    0.5773033191081713,
    0.5773033191081713,
    26.52968365534547,
    8.521316373199422,
    8.521316373199422,
    8.521316373199422,
    4.27631026745879,
    4.27631026745879,
    4.27631026745879,
    4.27631026745879,
    4.27631026745879,
    10.740146792191425,
    10.740146792191425,
    1.2992325114012442,
    2.1821781748443665,
    2.1821781748443665,
    3.456889630992633,
    3.456889630992633,
    3.456889630992633,
    2.304945594214674,
    2.304945594214674,
    2.304945594214674,
    2.304945594214674,
    2.304945594214674,
    2.304945594214674,
    2.304945594214674,
    2.304945594214674,
    2.304945594214674,
    2.304945594214674,
    2.304945594214674,
    98.09888120682989,
    38.38157857755471,
    38.38157857755471,
    38.38157857755471,
    45.804454082447016,
    45.804454082447016,
    48.620448820891,
    48.620448820891,
    48.620448820891,
    80.7380891499734,
    80.7380891499734,
    80.7380891499734,
    77.12169792480695,
