{
  "mode": 2,
  "startTime": 1635615515139,
  "recordedSeconds": 750,
  "delayFrameIdx": 32,
  "pDelayFrameIdx": 32,
  "isAutopilot": true,
  "showDoppel": true,
  "blackoutLeft": false,
  "blackoutRight": false,
  "preset_idx": 2,
  "preset_currentDelayFrameIdx": 120,
  "manual_TH": 6000,
  "speed_jointDist": 0.0013043976896922717,
  "speed_mappedFrames": [
    8.02481752668653,
    8.02481752668653,
    8.02481752668653,
    0.6125069226029344,
    0.6125069226029344,
    0.6125069226029344,
    10.917758579148048,
    10.917758579148048,
    10.917758579148048,
    3.2282915613769863,
    3.2282915613769863,
    3.2282915613769863,
    4.685442053183901,
    4.685442053183901,
    4.685442053183901,
    7.3655863243911215,
    7.3655863243911215,
    7.3655863243911215,
    1.3491204424557999,
    1.3491204424557999,
    1.3491204424557999,
    1.3491204424557999,
    1.3491204424557999,
    1.3491204424557999,
    19.582064699698666,
    19.582064699698666,
    19.582064699698666,
    19.582064699698666,
    19.582064699698666,
    19.582064699698666,
    19.582064699698666,
    19.582064699698666,
    22.456682992465648,
    28.435048852363632,
    28.435048852363632,
    28.435048852363632,
    27.809000260342746,
    27.809000260342746,
    27.809000260342746,
    14.024808992352916,
    14.024808992352916,
    14.024808992352916,
    20.450403648822228,
    20.450403648822228,
    20.450403648822228,
    20.007147118464815,
    20.007147118464815,
    20.007147118464815,
    21.243576610038495,
    21.243576610038495,
    21.243576610038495,
    21.243576610038495,
    21.243576610038495,
    63.388830310961076,
    63.388830310961076,
    63.388830310961076,
    63.388830310961076,
    63.388830310961076,
    63.388830310961076,
    63.388830310961076,
    63.388830310961076,
    63.388830310961076,
    63.388830310961076,
    136.15354866549598,
    136.15354866549598,
    18.41968448986127,
    18.41968448986127,
    18.41968448986127,
    18.41968448986127,
    18.41968448986127,
    18.41968448986127,
    83.80288582181385,
    83.80288582181385,
    83.80288582181385,
    83.80288582181385,
    83.80288582181385,
    99.48288149043955,
    43.187341178878576,
    43.187341178878576,
    43.187341178878576,
    43.187341178878576,
    43.187341178878576,
    43.187341178878576,
    43.187341178878576,
    43.187341178878576,
    43.187341178878576,
    43.187341178878576,
    43.187341178878576,
    43.187341178878576,
    43.187341178878576,
    43.187341178878576,
    43.187341178878576,
    43.187341178878576,
    43.187341178878576,
    43.187341178878576,
    43.187341178878576,
    43.187341178878576,
    510.665638120958,
    510.665638120958,
    510.665638120958,
    510.665638120958,
    510.665638120958,
    510.665638120958,
    510.665638120958,
    510.665638120958,
    510.665638120958,
    510.665638120958,
    277.7080781094403,
    277.7080781094403,
    277.7080781094403,
    277.7080781094403,
    277.7080781094403,
    277.7080781094403,
    277.7080781094403,
    210.16948394192872,
    210.16948394192872,
    63.590102108689514,
    63.590102108689514,
    63.590102108689514,
    36.77880309703358,
    36.77880309703358,
    36.77880309703358,
    36.77880309703358,
    36.77880309703358,
    36.77880309703358,
    36.77880309703358,
    36.77880309703358,
    164.81320845720424,
    29.813312836870804,
    29.813312836870804,
    29.813312836870804,
    4.164074222483473,
    4.164074222483473,
    4.164074222483473,
    31.748111096580207,
    31.748111096580207,
    31.748111096580207,
    3.3172524232919263,
    3.3172524232919263,
    3.3172524232919263,
    3.3172524232919263,
    40.06961644948999,
    40.06961644948999,
    40.06961644948999,
    44.200861291575826,
    44.200861291575826,
    44.200861291575826,
    44.200861291575826,
    44.200861291575826,
    44.200861291575826,
    44.200861291575826,
    44.200861291575826,
    44.200861291575826,
    44.200861291575826,
    104.10258589896824,
    104.10258589896824,
    104.10258589896824,
    104.10258589896824,
    104.10258589896824,
    104.10258589896824,
    91.51557852604147,
    91.51557852604147,
    91.51557852604147,
    91.51557852604147,
    91.51557852604147,
    91.51557852604147,
    113.24501827577782,
    113.24501827577782,
    13.01168393912675,
    13.01168393912675,
    13.01168393912675,
    27.08189862029498,
    27.08189862029498,
    27.08189862029498,
    27.08189862029498,
    27.08189862029498,
    27.08189862029498,
    149.61386933849442,
    149.61386933849442,
    149.61386933849442,
    66.31880284958211,
    66.31880284958211,
    66.31880284958211,
    66.31880284958211,
    59.89329173124223,
    59.89329173124223,
    41.78668795866822,
    41.78668795866822,
    41.78668795866822,
    16.87989362986224,
    16.87989362986224,
    16.87989362986224,
    87.41397720207517,
    18.42999040325086,
    18.42999040325086,
    18.42999040325086,
    18.42999040325086,
    26.31783023264243,
    26.31783023264243,
    26.31783023264243,
    17.93073852892111,
    17.93073852892111,
    17.93073852892111,
    17.93073852892111,
    94.6396149441101,
    94.6396149441101,
    21.099360978880014,
    21.099360978880014,
    21.099360978880014,
    23.145706770345246,
    23.145706770345246,
    23.145706770345246,
    67.71786731564318,
    67.71786731564318,
    67.71786731564318,
    32.4625076909307,
    32.4625076909307,
    32.4625076909307,
    65.10983918989581,
    65.10983918989581,
    65.10983918989581,
    30.604244626810765,
    30.604244626810765,
    30.604244626810765,
    30.604244626810765,
    30.604244626810765,
    30.604244626810765,
    119.18397165883526,
    34.21664682830969,
    34.21664682830969,
    34.21664682830969,
    34.21664682830969,
    34.21664682830969,
    89.3149527098701,
    43.48608326920559,
    43.48608326920559,
    43.48608326920559,
    43.94005405333001,
    43.94005405333001,
    43.94005405333001,
    45.058542210190794,
    45.058542210190794,
    45.058542210190794,
    28.97924969651644,
    28.97924969651644,
    35.711480180051545,
    35.711480180051545,
    26.920499791412976,
    26.920499791412976,
    26.920499791412976,
    29.31770634694579,
    29.31770634694579,
    29.31770634694579,
    21.63599051867569,
    21.63599051867569,
    21.63599051867569,
    34.12942248324006,
    34.12942248324006,
    34.12942248324006,
    8.577622904371534,
    8.577622904371534,
    8.577622904371534,
    14.392713018868843,
    14.392713018868843,
    14.392713018868843,
    4.82889596783336,
    4.82889596783336,
    4.82889596783336,
    4.82889596783336,
    4.82889596783336,
    4.82889596783336,
    4.82889596783336,
    4.82889596783336,
    4.82889596783336,
    55.26652621489672,
    55.26652621489672,
    1.8798516041914604,
    0.31459665630804395,
    0.31459665630804395,
    0.31459665630804395,
    22.839465467668983,
    22.839465467668983,
    22.839465467668983,
    2.010023328426599,
    2.010023328426599,
    2.010023328426599,
    14.001947804061338,
    14.001947804061338,
    14.001947804061338,
    2.88255561567412,
    2.88255561567412,
    2.88255561567412,
    18.475419791559226,
    18.475419791559226,
    18.475419791559226,
    8.726931047560358,
    8.726931047560358,
    8.726931047560358,
    2.612417908379808,
    2.612417908379808,
    2.612417908379808,
    4.521084943629709,
    4.521084943629709,
    4.521084943629709,
    4.521084943629709,
    4.521084943629709,
    6.3331853598249594,
    3.5813100635851813,
    3.5813100635851813,
    3.5813100635851813,
    4.679362484953602,
    4.679362484953602,
    4.679362484953602,
    4.5287767378938195,
    4.5287767378938195,
    4.5287767378938195,
    3.433175483669594,
    3.433175483669594,
    3.433175483669594,
    10.234896979082771,
    10.234896979082771,
    10.234896979082771,
    13.85474591956105,
    13.85474591956105,
    13.85474591956105,
    6.60532045947637,
